0025A001.ahx.wav,0025A001.ahx.wav.xma
0025A002.ahx.wav,0025A002.ahx.wav.xma
0025A003.ahx.wav,0025A003.ahx.wav.xma
0025A004.ahx.wav,0025A004.ahx.wav.xma
0025A005.ahx.wav,0025A005.ahx.wav.xma
0025A006.ahx.wav,0025A006.ahx.wav.xma
0025A007.ahx.wav,0025A007.ahx.wav.xma
0025A008.ahx.wav,0025A008.ahx.wav.xma
0025A009.ahx.wav,0025A009.ahx.wav.xma
0025A010.ahx.wav,0025A010.ahx.wav.xma
0025A011.ahx.wav,0025A011.ahx.wav.xma
0025B001.ahx.wav,0025B001.ahx.wav.xma
0025B002.ahx.wav,0025B002.ahx.wav.xma
0025B003.ahx.wav,0025B003.ahx.wav.xma
0025C001.ahx.wav,0025C001.ahx.wav.xma
0025C002.ahx.wav,0025C002.ahx.wav.xma
0025C003.ahx.wav,0025C003.ahx.wav.xma
0025C004.ahx.wav,0025C004.ahx.wav.xma
0025C005.ahx.wav,0025C005.ahx.wav.xma
0025C006.ahx.wav,0025C006.ahx.wav.xma
0025C007.ahx.wav,0025C007.ahx.wav.xma
0025C008.ahx.wav,0025C008.ahx.wav.xma
