0104AHEA042.ahx.wav,0104AHEA042.ahx.wav.xma
0104AHEA043.ahx.wav,0104AHEA043.ahx.wav.xma
0104AHEA044.ahx.wav,0104AHEA044.ahx.wav.xma
0104AHEA045.ahx.wav,0104AHEA045.ahx.wav.xma
0104AHEA046.ahx.wav,0104AHEA046.ahx.wav.xma
0104AHEA047.ahx.wav,0104AHEA047.ahx.wav.xma
0104AHEA048.ahx.wav,0104AHEA048.ahx.wav.xma
0104AHEA049.ahx.wav,0104AHEA049.ahx.wav.xma
0104AHEA050.ahx.wav,0104AHEA050.ahx.wav.xma
0104AHEA051.ahx.wav,0104AHEA051.ahx.wav.xma
0104AHEA052.ahx.wav,0104AHEA052.ahx.wav.xma
0104AHEA053.ahx.wav,0104AHEA053.ahx.wav.xma
0104AHEA054.ahx.wav,0104AHEA054.ahx.wav.xma
0104AHEA055.ahx.wav,0104AHEA055.ahx.wav.xma
0104AHEA056.ahx.wav,0104AHEA056.ahx.wav.xma
0104AHEA057.ahx.wav,0104AHEA057.ahx.wav.xma
0104AHEA058.ahx.wav,0104AHEA058.ahx.wav.xma
0104AHEA059.ahx.wav,0104AHEA059.ahx.wav.xma
0104AHEA060.ahx.wav,0104AHEA060.ahx.wav.xma
0104AHEA061.ahx.wav,0104AHEA061.ahx.wav.xma
0104AHEA062.ahx.wav,0104AHEA062.ahx.wav.xma
0104AHEA063.ahx.wav,0104AHEA063.ahx.wav.xma
0104AHEA064.ahx.wav,0104AHEA064.ahx.wav.xma
0104AHEA065.ahx.wav,0104AHEA065.ahx.wav.xma
0104AHEA066.ahx.wav,0104AHEA066.ahx.wav.xma
0104AHEA067.ahx.wav,0104AHEA067.ahx.wav.xma
0104AHEA068.ahx.wav,0104AHEA068.ahx.wav.xma
0104AHEA069.ahx.wav,0104AHEA069.ahx.wav.xma
0104AHEA070.ahx.wav,0104AHEA070.ahx.wav.xma
0104AHEA071.ahx.wav,0104AHEA071.ahx.wav.xma
0104AHEA072.ahx.wav,0104AHEA072.ahx.wav.xma
0104AHEA073.ahx.wav,0104AHEA073.ahx.wav.xma
0104AHEF001.ahx.wav,0104AHEF001.ahx.wav.xma
0104AHEF002.ahx.wav,0104AHEF002.ahx.wav.xma
0104AHEF003.ahx.wav,0104AHEF003.ahx.wav.xma
0104AHEF004.ahx.wav,0104AHEF004.ahx.wav.xma
0104AHEF005.ahx.wav,0104AHEF005.ahx.wav.xma
0104AHEF006.ahx.wav,0104AHEF006.ahx.wav.xma
0104AHEF007.ahx.wav,0104AHEF007.ahx.wav.xma
0104AHEF008.ahx.wav,0104AHEF008.ahx.wav.xma
0104AHEF009.ahx.wav,0104AHEF009.ahx.wav.xma
0104AHEF010.ahx.wav,0104AHEF010.ahx.wav.xma
0104AHEF011.ahx.wav,0104AHEF011.ahx.wav.xma
0104AHEF012.ahx.wav,0104AHEF012.ahx.wav.xma
0104AHEF013.ahx.wav,0104AHEF013.ahx.wav.xma
0104AHEF014.ahx.wav,0104AHEF014.ahx.wav.xma
0104AHEF015.ahx.wav,0104AHEF015.ahx.wav.xma
0104AHEF016.ahx.wav,0104AHEF016.ahx.wav.xma
0104AHEF017.ahx.wav,0104AHEF017.ahx.wav.xma
0104AHEF018.ahx.wav,0104AHEF018.ahx.wav.xma
0104AHEF019.ahx.wav,0104AHEF019.ahx.wav.xma
0104AHEF020.ahx.wav,0104AHEF020.ahx.wav.xma
0104AHEF021.ahx.wav,0104AHEF021.ahx.wav.xma
