0104CN6A001.ahx.wav,0104CN6A001.ahx.wav.xma
0104CN6A002.ahx.wav,0104CN6A002.ahx.wav.xma
0104CN6A003.ahx.wav,0104CN6A003.ahx.wav.xma
0104CN6A004.ahx.wav,0104CN6A004.ahx.wav.xma
0104CN6A005.ahx.wav,0104CN6A005.ahx.wav.xma
0104CN6A006.ahx.wav,0104CN6A006.ahx.wav.xma
0104CN6A007.ahx.wav,0104CN6A007.ahx.wav.xma
0104CN6A008.ahx.wav,0104CN6A008.ahx.wav.xma
0104CN6A009.ahx.wav,0104CN6A009.ahx.wav.xma
0104CN6A010.ahx.wav,0104CN6A010.ahx.wav.xma
0104CN6A011.ahx.wav,0104CN6A011.ahx.wav.xma
0104CN6A012.ahx.wav,0104CN6A012.ahx.wav.xma
0104CN6A013.ahx.wav,0104CN6A013.ahx.wav.xma
0104CN6A014.ahx.wav,0104CN6A014.ahx.wav.xma
0104CN6A015.ahx.wav,0104CN6A015.ahx.wav.xma
0104CN6A016.ahx.wav,0104CN6A016.ahx.wav.xma
0104CN6A017.ahx.wav,0104CN6A017.ahx.wav.xma
0104CN6A018.ahx.wav,0104CN6A018.ahx.wav.xma
0104CN6B007.ahx.wav,0104CN6B007.ahx.wav.xma
0104CN6B008.ahx.wav,0104CN6B008.ahx.wav.xma
0104CN6B009.ahx.wav,0104CN6B009.ahx.wav.xma
0104CN6B018.ahx.wav,0104CN6B018.ahx.wav.xma
0104CN6B020.ahx.wav,0104CN6B020.ahx.wav.xma
0104CN6B024.ahx.wav,0104CN6B024.ahx.wav.xma
0104CN6B025.ahx.wav,0104CN6B025.ahx.wav.xma
0104CN6B026.ahx.wav,0104CN6B026.ahx.wav.xma
0104CN6B027.ahx.wav,0104CN6B027.ahx.wav.xma
0104CN6B028.ahx.wav,0104CN6B028.ahx.wav.xma
0104CN6B033.ahx.wav,0104CN6B033.ahx.wav.xma
0104CN6B034.ahx.wav,0104CN6B034.ahx.wav.xma
0104CN6B035.ahx.wav,0104CN6B035.ahx.wav.xma
0104CN6B036.ahx.wav,0104CN6B036.ahx.wav.xma
0104CN6B037.ahx.wav,0104CN6B037.ahx.wav.xma
0104CN6B038.ahx.wav,0104CN6B038.ahx.wav.xma
0104CN6B039.ahx.wav,0104CN6B039.ahx.wav.xma
0104CN6B040.ahx.wav,0104CN6B040.ahx.wav.xma
0104CN6B041.ahx.wav,0104CN6B041.ahx.wav.xma
0104CN6B042.ahx.wav,0104CN6B042.ahx.wav.xma
0104CN6B043.ahx.wav,0104CN6B043.ahx.wav.xma
0104CN6B044.ahx.wav,0104CN6B044.ahx.wav.xma
0104CN6B045.ahx.wav,0104CN6B045.ahx.wav.xma
0104CN6B046.ahx.wav,0104CN6B046.ahx.wav.xma
0104CN6B047.ahx.wav,0104CN6B047.ahx.wav.xma
0104CN6B048.ahx.wav,0104CN6B048.ahx.wav.xma
0104CN6B049.ahx.wav,0104CN6B049.ahx.wav.xma
0104CN6B050.ahx.wav,0104CN6B050.ahx.wav.xma
0104CN6B051.ahx.wav,0104CN6B051.ahx.wav.xma
0104CN6B052.ahx.wav,0104CN6B052.ahx.wav.xma
0104CN6B053.ahx.wav,0104CN6B053.ahx.wav.xma
0104CN6B054.ahx.wav,0104CN6B054.ahx.wav.xma
0104CN6B055.ahx.wav,0104CN6B055.ahx.wav.xma
0104CN6B056.ahx.wav,0104CN6B056.ahx.wav.xma
0104CN6B057.ahx.wav,0104CN6B057.ahx.wav.xma
0104CN6B058.ahx.wav,0104CN6B058.ahx.wav.xma
0104CN6B059.ahx.wav,0104CN6B059.ahx.wav.xma
0104CN6B060.ahx.wav,0104CN6B060.ahx.wav.xma
0104CN6B061.ahx.wav,0104CN6B061.ahx.wav.xma
0104CN6B062.ahx.wav,0104CN6B062.ahx.wav.xma
0104CN6B063.ahx.wav,0104CN6B063.ahx.wav.xma
0104CN6B064.ahx.wav,0104CN6B064.ahx.wav.xma
0104CN6B065.ahx.wav,0104CN6B065.ahx.wav.xma
0104CN6B066.ahx.wav,0104CN6B066.ahx.wav.xma
0104CN6B067.ahx.wav,0104CN6B067.ahx.wav.xma
0104CN6B068.ahx.wav,0104CN6B068.ahx.wav.xma
0104CN6B069.ahx.wav,0104CN6B069.ahx.wav.xma
0104CN6B070.ahx.wav,0104CN6B070.ahx.wav.xma
0104CN6B071.ahx.wav,0104CN6B071.ahx.wav.xma
0104CN6B072.ahx.wav,0104CN6B072.ahx.wav.xma
0104CN6B073.ahx.wav,0104CN6B073.ahx.wav.xma
0104CN6B074.ahx.wav,0104CN6B074.ahx.wav.xma
0104CN6B075.ahx.wav,0104CN6B075.ahx.wav.xma
0104CN6B076.ahx.wav,0104CN6B076.ahx.wav.xma
0104CN6B077.ahx.wav,0104CN6B077.ahx.wav.xma
0104CN6B078.ahx.wav,0104CN6B078.ahx.wav.xma
0104CN6B079.ahx.wav,0104CN6B079.ahx.wav.xma
0104CN6B080.ahx.wav,0104CN6B080.ahx.wav.xma
0104CN6B081.ahx.wav,0104CN6B081.ahx.wav.xma
0104CN6B082.ahx.wav,0104CN6B082.ahx.wav.xma
0104CN6B083.ahx.wav,0104CN6B083.ahx.wav.xma
0104CN6B084.ahx.wav,0104CN6B084.ahx.wav.xma
0104CN6B085.ahx.wav,0104CN6B085.ahx.wav.xma
0104CN6B086.ahx.wav,0104CN6B086.ahx.wav.xma
0104CN6B087.ahx.wav,0104CN6B087.ahx.wav.xma
0104CN6B088.ahx.wav,0104CN6B088.ahx.wav.xma
0104CN6B089.ahx.wav,0104CN6B089.ahx.wav.xma
0104CN6B090.ahx.wav,0104CN6B090.ahx.wav.xma
0104CN6B091.ahx.wav,0104CN6B091.ahx.wav.xma
0104CN6B092.ahx.wav,0104CN6B092.ahx.wav.xma
0104CN6B093.ahx.wav,0104CN6B093.ahx.wav.xma
