0104DHOA001.ahx.wav,0104DHOA001.ahx.wav.xma
0104DHOA002.ahx.wav,0104DHOA002.ahx.wav.xma
0104DHOA003.ahx.wav,0104DHOA003.ahx.wav.xma
0104DHOA004.ahx.wav,0104DHOA004.ahx.wav.xma
0104DHOA005.ahx.wav,0104DHOA005.ahx.wav.xma
0104DHOA006.ahx.wav,0104DHOA006.ahx.wav.xma
0104DHOA007.ahx.wav,0104DHOA007.ahx.wav.xma
0104DHOA008.ahx.wav,0104DHOA008.ahx.wav.xma
0104DHOA009.ahx.wav,0104DHOA009.ahx.wav.xma
0104DHOA010.ahx.wav,0104DHOA010.ahx.wav.xma
0104DHOA011.ahx.wav,0104DHOA011.ahx.wav.xma
0104DHOA012.ahx.wav,0104DHOA012.ahx.wav.xma
0104DHOA013.ahx.wav,0104DHOA013.ahx.wav.xma
0104DHOA014.ahx.wav,0104DHOA014.ahx.wav.xma
0104DHOA015.ahx.wav,0104DHOA015.ahx.wav.xma
0104DHOA016.ahx.wav,0104DHOA016.ahx.wav.xma
0104DHOA017.ahx.wav,0104DHOA017.ahx.wav.xma
0104DHOA018.ahx.wav,0104DHOA018.ahx.wav.xma
0104DHOB013.ahx.wav,0104DHOB013.ahx.wav.xma
0104DHOB014.ahx.wav,0104DHOB014.ahx.wav.xma
0104DHOB015.ahx.wav,0104DHOB015.ahx.wav.xma
0104DHOB018.ahx.wav,0104DHOB018.ahx.wav.xma
0104DHOB022.ahx.wav,0104DHOB022.ahx.wav.xma
0104DHOB024.ahx.wav,0104DHOB024.ahx.wav.xma
0104DHOB025.ahx.wav,0104DHOB025.ahx.wav.xma
0104DHOB026.ahx.wav,0104DHOB026.ahx.wav.xma
0104DHOB027.ahx.wav,0104DHOB027.ahx.wav.xma
0104DHOB028.ahx.wav,0104DHOB028.ahx.wav.xma
0104DHOB033.ahx.wav,0104DHOB033.ahx.wav.xma
0104DHOB034.ahx.wav,0104DHOB034.ahx.wav.xma
0104DHOB035.ahx.wav,0104DHOB035.ahx.wav.xma
0104DHOB036.ahx.wav,0104DHOB036.ahx.wav.xma
0104DHOB037.ahx.wav,0104DHOB037.ahx.wav.xma
0104DHOB038.ahx.wav,0104DHOB038.ahx.wav.xma
0104DHOB039.ahx.wav,0104DHOB039.ahx.wav.xma
0104DHOB040.ahx.wav,0104DHOB040.ahx.wav.xma
0104DHOB041.ahx.wav,0104DHOB041.ahx.wav.xma
0104DHOB042.ahx.wav,0104DHOB042.ahx.wav.xma
0104DHOB043.ahx.wav,0104DHOB043.ahx.wav.xma
0104DHOB044.ahx.wav,0104DHOB044.ahx.wav.xma
0104DHOB045.ahx.wav,0104DHOB045.ahx.wav.xma
0104DHOB046.ahx.wav,0104DHOB046.ahx.wav.xma
0104DHOB047.ahx.wav,0104DHOB047.ahx.wav.xma
0104DHOB048.ahx.wav,0104DHOB048.ahx.wav.xma
0104DHOB049.ahx.wav,0104DHOB049.ahx.wav.xma
0104DHOB050.ahx.wav,0104DHOB050.ahx.wav.xma
0104DHOB051.ahx.wav,0104DHOB051.ahx.wav.xma
0104DHOB052.ahx.wav,0104DHOB052.ahx.wav.xma
0104DHOB053.ahx.wav,0104DHOB053.ahx.wav.xma
0104DHOB054.ahx.wav,0104DHOB054.ahx.wav.xma
0104DHOB055.ahx.wav,0104DHOB055.ahx.wav.xma
0104DHOB056.ahx.wav,0104DHOB056.ahx.wav.xma
0104DHOB057.ahx.wav,0104DHOB057.ahx.wav.xma
0104DHOB058.ahx.wav,0104DHOB058.ahx.wav.xma
0104DHOB059.ahx.wav,0104DHOB059.ahx.wav.xma
0104DHOB060.ahx.wav,0104DHOB060.ahx.wav.xma
0104DHOB061.ahx.wav,0104DHOB061.ahx.wav.xma
0104DHOB062.ahx.wav,0104DHOB062.ahx.wav.xma
0104DHOB063.ahx.wav,0104DHOB063.ahx.wav.xma
0104DHOB064.ahx.wav,0104DHOB064.ahx.wav.xma
0104DHOB065.ahx.wav,0104DHOB065.ahx.wav.xma
0104DHOB066.ahx.wav,0104DHOB066.ahx.wav.xma
0104DHOB067.ahx.wav,0104DHOB067.ahx.wav.xma
0104DHOB068.ahx.wav,0104DHOB068.ahx.wav.xma
0104DHOB069.ahx.wav,0104DHOB069.ahx.wav.xma
0104DHOB070.ahx.wav,0104DHOB070.ahx.wav.xma
0104DHOB071.ahx.wav,0104DHOB071.ahx.wav.xma
0104DHOB072.ahx.wav,0104DHOB072.ahx.wav.xma
0104DHOB073.ahx.wav,0104DHOB073.ahx.wav.xma
0104DHOB074.ahx.wav,0104DHOB074.ahx.wav.xma
0104DHOB075.ahx.wav,0104DHOB075.ahx.wav.xma
0104DHOB076.ahx.wav,0104DHOB076.ahx.wav.xma
0104DHOB077.ahx.wav,0104DHOB077.ahx.wav.xma
0104DHOB078.ahx.wav,0104DHOB078.ahx.wav.xma
0104DHOB079.ahx.wav,0104DHOB079.ahx.wav.xma
0104DHOB080.ahx.wav,0104DHOB080.ahx.wav.xma
0104DHOB081.ahx.wav,0104DHOB081.ahx.wav.xma
0104DHOB082.ahx.wav,0104DHOB082.ahx.wav.xma
0104DHOB083.ahx.wav,0104DHOB083.ahx.wav.xma
0104DHOB084.ahx.wav,0104DHOB084.ahx.wav.xma
0104DHOB085.ahx.wav,0104DHOB085.ahx.wav.xma
0104DHOB086.ahx.wav,0104DHOB086.ahx.wav.xma
0104DHOB087.ahx.wav,0104DHOB087.ahx.wav.xma
0104DHOB088.ahx.wav,0104DHOB088.ahx.wav.xma
0104DHOB089.ahx.wav,0104DHOB089.ahx.wav.xma
0104DHOB090.ahx.wav,0104DHOB090.ahx.wav.xma
0104DHOB091.ahx.wav,0104DHOB091.ahx.wav.xma
0104DHOB092.ahx.wav,0104DHOB092.ahx.wav.xma
0104DHOB093.ahx.wav,0104DHOB093.ahx.wav.xma
