1035A001.ahx.wav,1035A001.ahx.wav.xma
1035A002.ahx.wav,1035A002.ahx.wav.xma
1035A003.ahx.wav,1035A003.ahx.wav.xma
1035A004.ahx.wav,1035A004.ahx.wav.xma
1035A005.ahx.wav,1035A005.ahx.wav.xma
1035A006.ahx.wav,1035A006.ahx.wav.xma
1035A007.ahx.wav,1035A007.ahx.wav.xma
1035A008.ahx.wav,1035A008.ahx.wav.xma
1035A009.ahx.wav,1035A009.ahx.wav.xma
1035A010.ahx.wav,1035A010.ahx.wav.xma
1035A011.ahx.wav,1035A011.ahx.wav.xma
1035A012.ahx.wav,1035A012.ahx.wav.xma
1035A013.ahx.wav,1035A013.ahx.wav.xma
1035A014.ahx.wav,1035A014.ahx.wav.xma
1035A015.ahx.wav,1035A015.ahx.wav.xma
1035A016.ahx.wav,1035A016.ahx.wav.xma
1035A017.ahx.wav,1035A017.ahx.wav.xma
1035A018.ahx.wav,1035A018.ahx.wav.xma
1035A019.ahx.wav,1035A019.ahx.wav.xma
