A0165A001.wav,file_1.wav.xma
A0165A002.wav,file_2.wav.xma
A0165A003.wav,file_3.wav.xma
A0165A004.wav,file_4.wav.xma
A0165A005.wav,file_5.wav.xma
A0165A006.wav,file_6.wav.xma
A0165A007.wav,file_7.wav.xma
A0165B001.wav,file_8.wav.xma
A0165B002.wav,file_9.wav.xma
A0165B003.wav,file_10.wav.xma
A0165B004.wav,file_11.wav.xma
A0165B005.wav,file_12.wav.xma
A0165B006.wav,file_13.wav.xma
A0165B007.wav,file_14.wav.xma
A0165B008.wav,file_15.wav.xma
A0165B009.wav,file_16.wav.xma
A0165B010.wav,file_17.wav.xma
A0165C001.wav,file_18.wav.xma
