A0184CA001.wav,A0184CA001.str.wav.xma
A0184CA002.wav,A0184CA002.str.wav.xma
A0184CA003.wav,A0184CA003.str.wav.xma
A0184CA004.wav,A0184CA004.str.wav.xma
A0184CB001.wav,A0184CB001.str.wav.xma
A0184CB002.wav,A0184CB002.str.wav.xma
A0184CC001.wav,A0184CC001.str.wav.xma
A0184CC002.wav,A0184CC002.str.wav.xma
A0184CC003.wav,A0184CC003.str.wav.xma
A0184CD001.wav,A0184CD001.str.wav.xma
A0184CD002.wav,A0184CD002.str.wav.xma
A0184CD003.wav,A0184CD003.str.wav.xma
A0184CD004.wav,A0184CD004.str.wav.xma
A0184CD005.wav,A0184CD005.str.wav.xma
