E1001AA001.wav,E1001AA001.str.wav.xma
E1001AA002.wav,E1001AA002.str.wav.xma
E1001AA003.wav,E1001AA003.str.wav.xma
E1001AA004.wav,E1001AA004.str.wav.xma
E1001AA005.wav,E1001AA005.str.wav.xma
E1001AA006.wav,E1001AA006.str.wav.xma
E1001AA007.wav,E1001AA007.str.wav.xma
E1001AA008.wav,E1001AA008.str.wav.xma
E1001AA009.wav,E1001AA009.str.wav.xma
E1001AA010.wav,E1001AA010.str.wav.xma
E1001AA011.wav,E1001AA011.str.wav.xma
E1001AA012.wav,E1001AA012.str.wav.xma
E1001AB001.wav,E1001AB001.str.wav.xma
E1001AB008.wav,E1001AB008.str.wav.xma
E1001AB009.wav,E1001AB009.str.wav.xma
E1001AB011.wav,E1001AB011.str.wav.xma
E1001AB013.wav,E1001AB013.str.wav.xma
E1001AB014.wav,E1001AB014.str.wav.xma
E1001AB017.wav,E1001AB017.str.wav.xma
E1001AB024.wav,E1001AB024.str.wav.xma
E1001AB025.wav,E1001AB025.str.wav.xma
E1001AB026.wav,E1001AB026.str.wav.xma
E1001AB027.wav,E1001AB027.str.wav.xma
E1001AB028.wav,E1001AB028.str.wav.xma
E1001AB029.wav,E1001AB029.str.wav.xma
E1001AB030.wav,E1001AB030.str.wav.xma
E1001AB031.wav,E1001AB031.str.wav.xma
E1001AB032.wav,E1001AB032.str.wav.xma
E1001AB033.wav,E1001AB033.str.wav.xma
E1001AB034.wav,E1001AB034.str.wav.xma
E1001AB035.wav,E1001AB035.str.wav.xma
E1001AB036.wav,E1001AB036.str.wav.xma
E1001AB037.wav,E1001AB037.str.wav.xma
E1001AB038.wav,E1001AB038.str.wav.xma
