E1016A006.wav,E1016A006.str.wav.xma
E1016A007.wav,E1016A007.str.wav.xma
E1016A008.wav,E1016A008.str.wav.xma
E1016A009.wav,E1016A009.str.wav.xma
E1016A010.wav,E1016A010.str.wav.xma
E1016A013.wav,E1016A013.str.wav.xma
E1016A014.wav,E1016A014.str.wav.xma
E1016A015.wav,E1016A015.str.wav.xma
E1016A016.wav,E1016A016.str.wav.xma
E1016A017.wav,E1016A017.str.wav.xma
E1016A020.wav,E1016A020.str.wav.xma
E1016A022.wav,E1016A022.str.wav.xma
E1016A023.wav,E1016A023.str.wav.xma
E1016A024.wav,E1016A024.str.wav.xma
E1016A025.wav,E1016A025.str.wav.xma
E1016A026.wav,E1016A026.str.wav.xma
E1016A030.wav,E1016A030.str.wav.xma
E1016B012.wav,E1016B012.str.wav.xma
E1016B013.wav,E1016B013.str.wav.xma
E1016B014.wav,E1016B014.str.wav.xma
E1016B015.wav,E1016B015.str.wav.xma
E1016B016.wav,E1016B016.str.wav.xma
E1016B017.wav,E1016B017.str.wav.xma
E1016B018.wav,E1016B018.str.wav.xma
E1016B019.wav,E1016B019.str.wav.xma
E1016B020.wav,E1016B020.str.wav.xma
E1016B021.wav,E1016B021.str.wav.xma
E1016B022.wav,E1016B022.str.wav.xma
E1016B023.wav,E1016B023.str.wav.xma
E1016B024.wav,E1016B024.str.wav.xma
E1016B025.wav,E1016B025.str.wav.xma
E1016B026.wav,E1016B026.str.wav.xma
E1016B027.wav,E1016B027.str.wav.xma
E1016B028.wav,E1016B028.str.wav.xma
E1016B029.wav,E1016B029.str.wav.xma
E1016B030.wav,E1016B030.str.wav.xma
E1016B031.wav,E1016B031.str.wav.xma
E1016B032.wav,E1016B032.str.wav.xma
E1016B034.wav,E1016B034.str.wav.xma
E1016B036.wav,E1016B036.str.wav.xma
E1016B037.wav,E1016B037.str.wav.xma
E1016B038.wav,E1016B038.str.wav.xma
E1016B039.wav,E1016B039.str.wav.xma
E1016B040.wav,E1016B040.str.wav.xma
E1016B041.wav,E1016B041.str.wav.xma
E1016B042.wav,E1016B042.str.wav.xma
E1016B043.wav,E1016B043.str.wav.xma
E1016B044.wav,E1016B044.str.wav.xma
E1016B045.wav,E1016B045.str.wav.xma
E1016B046.wav,E1016B046.str.wav.xma
E1016B047.wav,E1016B047.str.wav.xma
E1016B048.wav,E1016B048.str.wav.xma
E1016B049.wav,E1016B049.str.wav.xma
E1016B050.wav,E1016B050.str.wav.xma
E1016B053.wav,E1016B053.str.wav.xma
E1016B054.wav,E1016B054.str.wav.xma
E1016B055.wav,E1016B055.str.wav.xma
E1016B056.wav,E1016B056.str.wav.xma
E1016B057.wav,E1016B057.str.wav.xma
E1016B058.wav,E1016B058.str.wav.xma
E1016B059.wav,E1016B059.str.wav.xma
E1016B060.wav,E1016B060.str.wav.xma
E1016B062.wav,E1016B062.str.wav.xma
E1016B064.wav,E1016B064.str.wav.xma
E1016B065.wav,E1016B065.str.wav.xma
E1016B066.wav,E1016B066.str.wav.xma
E1016B067.wav,E1016B067.str.wav.xma
E1016B069.wav,E1016B069.str.wav.xma
E1016B070.wav,E1016B070.str.wav.xma
E1016B071.wav,E1016B071.str.wav.xma
E1016B072.wav,E1016B072.str.wav.xma
E1016B073.wav,E1016B073.str.wav.xma
E1016B074.wav,E1016B074.str.wav.xma
E1016B075.wav,E1016B075.str.wav.xma
E1016B076.wav,E1016B076.str.wav.xma
E1016B077.wav,E1016B077.str.wav.xma
E1016B078.wav,E1016B078.str.wav.xma
E1016B079.wav,E1016B079.str.wav.xma
E1016B080.wav,E1016B080.str.wav.xma
E1016B081.wav,E1016B081.str.wav.xma
E1016B082.wav,E1016B082.str.wav.xma
E1016B083.wav,E1016B083.str.wav.xma
E1016B084.wav,E1016B084.str.wav.xma
E1016B085.wav,E1016B085.str.wav.xma
E1016B086.wav,E1016B086.str.wav.xma
E1016B087.wav,E1016B087.str.wav.xma
E1016B088.wav,E1016B088.str.wav.xma
E1016B089.wav,E1016B089.str.wav.xma
E1016B090.wav,E1016B090.str.wav.xma
E1016B091.wav,E1016B091.str.wav.xma
E1016B092.wav,E1016B092.str.wav.xma
E1016B093.wav,E1016B093.str.wav.xma
E1016B094.wav,E1016B094.str.wav.xma
E1016B095.wav,E1016B095.str.wav.xma
E1016B097.wav,E1016B097.str.wav.xma
E1016B098.wav,E1016B098.str.wav.xma
E1016B099.wav,E1016B099.str.wav.xma
E1016B100.wav,E1016B100.str.wav.xma
E1016B101.wav,E1016B101.str.wav.xma
E1016B103.wav,E1016B103.str.wav.xma
E1016B104.wav,E1016B104.str.wav.xma
E1016B105.wav,E1016B105.str.wav.xma
E1016B107.wav,E1016B107.str.wav.xma
E1016B108.wav,E1016B108.str.wav.xma
E1016B112.wav,E1016B112.str.wav.xma
E1016B113.wav,E1016B113.str.wav.xma
E1016B114.wav,E1016B114.str.wav.xma
E1016B115.wav,E1016B115.str.wav.xma
E1016B116.wav,E1016B116.str.wav.xma
E1016B117.wav,E1016B117.str.wav.xma
E1016B119.wav,E1016B119.str.wav.xma
E1016B120.wav,E1016B120.str.wav.xma
E1016B121.wav,E1016B121.str.wav.xma
E1016B122.wav,E1016B122.str.wav.xma
E1016B123.wav,E1016B123.str.wav.xma
E1016B124.wav,E1016B124.str.wav.xma
E1016B125.wav,E1016B125.str.wav.xma
E1016B130.wav,E1016B130.str.wav.xma
E1016B132.wav,E1016B132.str.wav.xma
E1016B133.wav,E1016B133.str.wav.xma
E1016B134.wav,E1016B134.str.wav.xma
E1016B135.wav,E1016B135.str.wav.xma
E1016C002.wav,E1016C002.str.wav.xma
E1016C004.wav,E1016C004.str.wav.xma
E1016C005.wav,E1016C005.str.wav.xma
E1016C008.wav,E1016C008.str.wav.xma
E1016C010.wav,E1016C010.str.wav.xma
E1016C011.wav,E1016C011.str.wav.xma
E1016C012.wav,E1016C012.str.wav.xma
E1016C013.wav,E1016C013.str.wav.xma
