0104KNHA001.ahx.wav,0104KNHA001.ahx.wav.xma
0104KNHA002.ahx.wav,0104KNHA002.ahx.wav.xma
0104KNHA003.ahx.wav,0104KNHA003.ahx.wav.xma
0104KNHA004.ahx.wav,0104KNHA004.ahx.wav.xma
0104KNHA005.ahx.wav,0104KNHA005.ahx.wav.xma
0104KNHA006.ahx.wav,0104KNHA006.ahx.wav.xma
0104KNHA007.ahx.wav,0104KNHA007.ahx.wav.xma
0104KNHA008.ahx.wav,0104KNHA008.ahx.wav.xma
0104KNHA009.ahx.wav,0104KNHA009.ahx.wav.xma
0104KNHA010.ahx.wav,0104KNHA010.ahx.wav.xma
0104KNHA011.ahx.wav,0104KNHA011.ahx.wav.xma
0104KNHA012.ahx.wav,0104KNHA012.ahx.wav.xma
0104KNHA013.ahx.wav,0104KNHA013.ahx.wav.xma
0104KNHA014.ahx.wav,0104KNHA014.ahx.wav.xma
0104KNHA015.ahx.wav,0104KNHA015.ahx.wav.xma
0104KNHA016.ahx.wav,0104KNHA016.ahx.wav.xma
0104KNHA017.ahx.wav,0104KNHA017.ahx.wav.xma
0104KNHA018.ahx.wav,0104KNHA018.ahx.wav.xma
0104KNHB001.ahx.wav,0104KNHB001.ahx.wav.xma
0104KNHB002.ahx.wav,0104KNHB002.ahx.wav.xma
0104KNHB003.ahx.wav,0104KNHB003.ahx.wav.xma
0104KNHB016.ahx.wav,0104KNHB016.ahx.wav.xma
0104KNHB017.ahx.wav,0104KNHB017.ahx.wav.xma
0104KNHB024.ahx.wav,0104KNHB024.ahx.wav.xma
0104KNHB025.ahx.wav,0104KNHB025.ahx.wav.xma
0104KNHB026.ahx.wav,0104KNHB026.ahx.wav.xma
0104KNHB027.ahx.wav,0104KNHB027.ahx.wav.xma
0104KNHB028.ahx.wav,0104KNHB028.ahx.wav.xma
0104KNHB033.ahx.wav,0104KNHB033.ahx.wav.xma
0104KNHB034.ahx.wav,0104KNHB034.ahx.wav.xma
0104KNHB035.ahx.wav,0104KNHB035.ahx.wav.xma
0104KNHB036.ahx.wav,0104KNHB036.ahx.wav.xma
0104KNHB037.ahx.wav,0104KNHB037.ahx.wav.xma
0104KNHB038.ahx.wav,0104KNHB038.ahx.wav.xma
0104KNHB039.ahx.wav,0104KNHB039.ahx.wav.xma
0104KNHB040.ahx.wav,0104KNHB040.ahx.wav.xma
0104KNHB041.ahx.wav,0104KNHB041.ahx.wav.xma
0104KNHB042.ahx.wav,0104KNHB042.ahx.wav.xma
0104KNHB043.ahx.wav,0104KNHB043.ahx.wav.xma
0104KNHB044.ahx.wav,0104KNHB044.ahx.wav.xma
0104KNHB045.ahx.wav,0104KNHB045.ahx.wav.xma
0104KNHB046.ahx.wav,0104KNHB046.ahx.wav.xma
0104KNHB047.ahx.wav,0104KNHB047.ahx.wav.xma
0104KNHB048.ahx.wav,0104KNHB048.ahx.wav.xma
0104KNHB049.ahx.wav,0104KNHB049.ahx.wav.xma
0104KNHB050.ahx.wav,0104KNHB050.ahx.wav.xma
0104KNHB051.ahx.wav,0104KNHB051.ahx.wav.xma
0104KNHB052.ahx.wav,0104KNHB052.ahx.wav.xma
0104KNHB053.ahx.wav,0104KNHB053.ahx.wav.xma
0104KNHB054.ahx.wav,0104KNHB054.ahx.wav.xma
0104KNHB055.ahx.wav,0104KNHB055.ahx.wav.xma
0104KNHB056.ahx.wav,0104KNHB056.ahx.wav.xma
0104KNHB057.ahx.wav,0104KNHB057.ahx.wav.xma
0104KNHB058.ahx.wav,0104KNHB058.ahx.wav.xma
0104KNHB059.ahx.wav,0104KNHB059.ahx.wav.xma
0104KNHB060.ahx.wav,0104KNHB060.ahx.wav.xma
0104KNHB061.ahx.wav,0104KNHB061.ahx.wav.xma
0104KNHB062.ahx.wav,0104KNHB062.ahx.wav.xma
0104KNHB063.ahx.wav,0104KNHB063.ahx.wav.xma
0104KNHB064.ahx.wav,0104KNHB064.ahx.wav.xma
0104KNHB065.ahx.wav,0104KNHB065.ahx.wav.xma
0104KNHB066.ahx.wav,0104KNHB066.ahx.wav.xma
0104KNHB067.ahx.wav,0104KNHB067.ahx.wav.xma
0104KNHB068.ahx.wav,0104KNHB068.ahx.wav.xma
0104KNHB069.ahx.wav,0104KNHB069.ahx.wav.xma
0104KNHB070.ahx.wav,0104KNHB070.ahx.wav.xma
0104KNHB071.ahx.wav,0104KNHB071.ahx.wav.xma
0104KNHB072.ahx.wav,0104KNHB072.ahx.wav.xma
0104KNHB073.ahx.wav,0104KNHB073.ahx.wav.xma
0104KNHB074.ahx.wav,0104KNHB074.ahx.wav.xma
0104KNHB075.ahx.wav,0104KNHB075.ahx.wav.xma
0104KNHB076.ahx.wav,0104KNHB076.ahx.wav.xma
0104KNHB077.ahx.wav,0104KNHB077.ahx.wav.xma
0104KNHB078.ahx.wav,0104KNHB078.ahx.wav.xma
0104KNHB079.ahx.wav,0104KNHB079.ahx.wav.xma
0104KNHB080.ahx.wav,0104KNHB080.ahx.wav.xma
0104KNHB081.ahx.wav,0104KNHB081.ahx.wav.xma
0104KNHB082.ahx.wav,0104KNHB082.ahx.wav.xma
0104KNHB083.ahx.wav,0104KNHB083.ahx.wav.xma
0104KNHB084.ahx.wav,0104KNHB084.ahx.wav.xma
0104KNHB085.ahx.wav,0104KNHB085.ahx.wav.xma
0104KNHB086.ahx.wav,0104KNHB086.ahx.wav.xma
0104KNHB087.ahx.wav,0104KNHB087.ahx.wav.xma
0104KNHB088.ahx.wav,0104KNHB088.ahx.wav.xma
0104KNHB089.ahx.wav,0104KNHB089.ahx.wav.xma
0104KNHB090.ahx.wav,0104KNHB090.ahx.wav.xma
0104KNHB091.ahx.wav,0104KNHB091.ahx.wav.xma
0104KNHB092.ahx.wav,0104KNHB092.ahx.wav.xma
0104KNHB093.ahx.wav,0104KNHB093.ahx.wav.xma
