0104SSAA042.ahx.wav,0104SSAA042.ahx.wav.xma
0104SSAA043.ahx.wav,0104SSAA043.ahx.wav.xma
0104SSAA044.ahx.wav,0104SSAA044.ahx.wav.xma
0104SSAA045.ahx.wav,0104SSAA045.ahx.wav.xma
0104SSAA046.ahx.wav,0104SSAA046.ahx.wav.xma
0104SSAA047.ahx.wav,0104SSAA047.ahx.wav.xma
0104SSAA048.ahx.wav,0104SSAA048.ahx.wav.xma
0104SSAA049.ahx.wav,0104SSAA049.ahx.wav.xma
0104SSAA050.ahx.wav,0104SSAA050.ahx.wav.xma
0104SSAA051.ahx.wav,0104SSAA051.ahx.wav.xma
0104SSAA052.ahx.wav,0104SSAA052.ahx.wav.xma
0104SSAA053.ahx.wav,0104SSAA053.ahx.wav.xma
0104SSAA054.ahx.wav,0104SSAA054.ahx.wav.xma
0104SSAA055.ahx.wav,0104SSAA055.ahx.wav.xma
0104SSAA056.ahx.wav,0104SSAA056.ahx.wav.xma
0104SSAA057.ahx.wav,0104SSAA057.ahx.wav.xma
0104SSAA058.ahx.wav,0104SSAA058.ahx.wav.xma
0104SSAA059.ahx.wav,0104SSAA059.ahx.wav.xma
0104SSAA060.ahx.wav,0104SSAA060.ahx.wav.xma
0104SSAA061.ahx.wav,0104SSAA061.ahx.wav.xma
0104SSAA062.ahx.wav,0104SSAA062.ahx.wav.xma
0104SSAA063.ahx.wav,0104SSAA063.ahx.wav.xma
0104SSAA064.ahx.wav,0104SSAA064.ahx.wav.xma
0104SSAA065.ahx.wav,0104SSAA065.ahx.wav.xma
0104SSAA066.ahx.wav,0104SSAA066.ahx.wav.xma
0104SSAA067.ahx.wav,0104SSAA067.ahx.wav.xma
0104SSAA068.ahx.wav,0104SSAA068.ahx.wav.xma
0104SSAA069.ahx.wav,0104SSAA069.ahx.wav.xma
0104SSAA070.ahx.wav,0104SSAA070.ahx.wav.xma
0104SSAA071.ahx.wav,0104SSAA071.ahx.wav.xma
0104SSAA072.ahx.wav,0104SSAA072.ahx.wav.xma
0104SSAA073.ahx.wav,0104SSAA073.ahx.wav.xma
0104SSAF001.ahx.wav,0104SSAF001.ahx.wav.xma
0104SSAF002.ahx.wav,0104SSAF002.ahx.wav.xma
0104SSAF003.ahx.wav,0104SSAF003.ahx.wav.xma
0104SSAF004.ahx.wav,0104SSAF004.ahx.wav.xma
0104SSAF005.ahx.wav,0104SSAF005.ahx.wav.xma
0104SSAF006.ahx.wav,0104SSAF006.ahx.wav.xma
0104SSAF007.ahx.wav,0104SSAF007.ahx.wav.xma
0104SSAF008.ahx.wav,0104SSAF008.ahx.wav.xma
0104SSAF009.ahx.wav,0104SSAF009.ahx.wav.xma
0104SSAF010.ahx.wav,0104SSAF010.ahx.wav.xma
0104SSAF011.ahx.wav,0104SSAF011.ahx.wav.xma
0104SSAF012.ahx.wav,0104SSAF012.ahx.wav.xma
0104SSAF013.ahx.wav,0104SSAF013.ahx.wav.xma
0104SSAF014.ahx.wav,0104SSAF014.ahx.wav.xma
0104SSAF015.ahx.wav,0104SSAF015.ahx.wav.xma
0104SSAF016.ahx.wav,0104SSAF016.ahx.wav.xma
0104SSAF017.ahx.wav,0104SSAF017.ahx.wav.xma
0104SSAF018.ahx.wav,0104SSAF018.ahx.wav.xma
0104SSAF019.ahx.wav,0104SSAF019.ahx.wav.xma
0104SSAF020.ahx.wav,0104SSAF020.ahx.wav.xma
0104SSAF021.ahx.wav,0104SSAF021.ahx.wav.xma
