0104KOWA042.ahx.wav,0104KOWA042.ahx.wav.xma
0104KOWA043.ahx.wav,0104KOWA043.ahx.wav.xma
0104KOWA044.ahx.wav,0104KOWA044.ahx.wav.xma
0104KOWA045.ahx.wav,0104KOWA045.ahx.wav.xma
0104KOWA046.ahx.wav,0104KOWA046.ahx.wav.xma
0104KOWA047.ahx.wav,0104KOWA047.ahx.wav.xma
0104KOWA048.ahx.wav,0104KOWA048.ahx.wav.xma
0104KOWA049.ahx.wav,0104KOWA049.ahx.wav.xma
0104KOWA050.ahx.wav,0104KOWA050.ahx.wav.xma
0104KOWA051.ahx.wav,0104KOWA051.ahx.wav.xma
0104KOWA052.ahx.wav,0104KOWA052.ahx.wav.xma
0104KOWA053.ahx.wav,0104KOWA053.ahx.wav.xma
0104KOWA054.ahx.wav,0104KOWA054.ahx.wav.xma
0104KOWA055.ahx.wav,0104KOWA055.ahx.wav.xma
0104KOWA056.ahx.wav,0104KOWA056.ahx.wav.xma
0104KOWA057.ahx.wav,0104KOWA057.ahx.wav.xma
0104KOWA058.ahx.wav,0104KOWA058.ahx.wav.xma
0104KOWA059.ahx.wav,0104KOWA059.ahx.wav.xma
0104KOWA060.ahx.wav,0104KOWA060.ahx.wav.xma
0104KOWA061.ahx.wav,0104KOWA061.ahx.wav.xma
0104KOWA062.ahx.wav,0104KOWA062.ahx.wav.xma
0104KOWA063.ahx.wav,0104KOWA063.ahx.wav.xma
0104KOWA064.ahx.wav,0104KOWA064.ahx.wav.xma
0104KOWA065.ahx.wav,0104KOWA065.ahx.wav.xma
0104KOWA066.ahx.wav,0104KOWA066.ahx.wav.xma
0104KOWA067.ahx.wav,0104KOWA067.ahx.wav.xma
0104KOWA068.ahx.wav,0104KOWA068.ahx.wav.xma
0104KOWA069.ahx.wav,0104KOWA069.ahx.wav.xma
0104KOWA070.ahx.wav,0104KOWA070.ahx.wav.xma
0104KOWA071.ahx.wav,0104KOWA071.ahx.wav.xma
0104KOWA072.ahx.wav,0104KOWA072.ahx.wav.xma
0104KOWA073.ahx.wav,0104KOWA073.ahx.wav.xma
0104KOWF001.ahx.wav,0104KOWF001.ahx.wav.xma
0104KOWF002.ahx.wav,0104KOWF002.ahx.wav.xma
0104KOWF003.ahx.wav,0104KOWF003.ahx.wav.xma
0104KOWF004.ahx.wav,0104KOWF004.ahx.wav.xma
0104KOWF005.ahx.wav,0104KOWF005.ahx.wav.xma
0104KOWF006.ahx.wav,0104KOWF006.ahx.wav.xma
0104KOWF007.ahx.wav,0104KOWF007.ahx.wav.xma
0104KOWF008.ahx.wav,0104KOWF008.ahx.wav.xma
0104KOWF009.ahx.wav,0104KOWF009.ahx.wav.xma
0104KOWF010.ahx.wav,0104KOWF010.ahx.wav.xma
0104KOWF011.ahx.wav,0104KOWF011.ahx.wav.xma
0104KOWF012.ahx.wav,0104KOWF012.ahx.wav.xma
0104KOWF013.ahx.wav,0104KOWF013.ahx.wav.xma
0104KOWF014.ahx.wav,0104KOWF014.ahx.wav.xma
0104KOWF015.ahx.wav,0104KOWF015.ahx.wav.xma
0104KOWF016.ahx.wav,0104KOWF016.ahx.wav.xma
0104KOWF017.ahx.wav,0104KOWF017.ahx.wav.xma
0104KOWF018.ahx.wav,0104KOWF018.ahx.wav.xma
0104KOWF019.ahx.wav,0104KOWF019.ahx.wav.xma
0104KOWF020.ahx.wav,0104KOWF020.ahx.wav.xma
0104KOWF021.ahx.wav,0104KOWF021.ahx.wav.xma
