0104KT4A001.ahx.wav,0104KT4A001.ahx.wav.xma
0104KT4A002.ahx.wav,0104KT4A002.ahx.wav.xma
0104KT4A003.ahx.wav,0104KT4A003.ahx.wav.xma
0104KT4A004.ahx.wav,0104KT4A004.ahx.wav.xma
0104KT4A005.ahx.wav,0104KT4A005.ahx.wav.xma
0104KT4A006.ahx.wav,0104KT4A006.ahx.wav.xma
0104KT4A007.ahx.wav,0104KT4A007.ahx.wav.xma
0104KT4A008.ahx.wav,0104KT4A008.ahx.wav.xma
0104KT4A009.ahx.wav,0104KT4A009.ahx.wav.xma
0104KT4A010.ahx.wav,0104KT4A010.ahx.wav.xma
0104KT4A011.ahx.wav,0104KT4A011.ahx.wav.xma
0104KT4A012.ahx.wav,0104KT4A012.ahx.wav.xma
0104KT4A013.ahx.wav,0104KT4A013.ahx.wav.xma
0104KT4A014.ahx.wav,0104KT4A014.ahx.wav.xma
0104KT4A015.ahx.wav,0104KT4A015.ahx.wav.xma
0104KT4A016.ahx.wav,0104KT4A016.ahx.wav.xma
0104KT4A017.ahx.wav,0104KT4A017.ahx.wav.xma
0104KT4A018.ahx.wav,0104KT4A018.ahx.wav.xma
0104KT4A035.ahx.wav,0104KT4A035.ahx.wav.xma
0104KT4A036.ahx.wav,0104KT4A036.ahx.wav.xma
0104KT4A037.ahx.wav,0104KT4A037.ahx.wav.xma
0104KT4A038.ahx.wav,0104KT4A038.ahx.wav.xma
0104KT4A039.ahx.wav,0104KT4A039.ahx.wav.xma
0104KT4A040.ahx.wav,0104KT4A040.ahx.wav.xma
0104KT4A041.ahx.wav,0104KT4A041.ahx.wav.xma
0104KT4A042.ahx.wav,0104KT4A042.ahx.wav.xma
0104KT4A043.ahx.wav,0104KT4A043.ahx.wav.xma
0104KT4A044.ahx.wav,0104KT4A044.ahx.wav.xma
0104KT4A045.ahx.wav,0104KT4A045.ahx.wav.xma
0104KT4B007.ahx.wav,0104KT4B007.ahx.wav.xma
0104KT4B008.ahx.wav,0104KT4B008.ahx.wav.xma
0104KT4B009.ahx.wav,0104KT4B009.ahx.wav.xma
0104KT4B018.ahx.wav,0104KT4B018.ahx.wav.xma
0104KT4B020.ahx.wav,0104KT4B020.ahx.wav.xma
0104KT4B024.ahx.wav,0104KT4B024.ahx.wav.xma
0104KT4B025.ahx.wav,0104KT4B025.ahx.wav.xma
0104KT4B026.ahx.wav,0104KT4B026.ahx.wav.xma
0104KT4B027.ahx.wav,0104KT4B027.ahx.wav.xma
0104KT4B028.ahx.wav,0104KT4B028.ahx.wav.xma
0104KT4B033.ahx.wav,0104KT4B033.ahx.wav.xma
0104KT4B034.ahx.wav,0104KT4B034.ahx.wav.xma
0104KT4B035.ahx.wav,0104KT4B035.ahx.wav.xma
0104KT4B036.ahx.wav,0104KT4B036.ahx.wav.xma
0104KT4B037.ahx.wav,0104KT4B037.ahx.wav.xma
0104KT4B038.ahx.wav,0104KT4B038.ahx.wav.xma
0104KT4B039.ahx.wav,0104KT4B039.ahx.wav.xma
0104KT4B040.ahx.wav,0104KT4B040.ahx.wav.xma
0104KT4B041.ahx.wav,0104KT4B041.ahx.wav.xma
0104KT4B042.ahx.wav,0104KT4B042.ahx.wav.xma
0104KT4B043.ahx.wav,0104KT4B043.ahx.wav.xma
0104KT4B044.ahx.wav,0104KT4B044.ahx.wav.xma
0104KT4B045.ahx.wav,0104KT4B045.ahx.wav.xma
0104KT4B046.ahx.wav,0104KT4B046.ahx.wav.xma
0104KT4B047.ahx.wav,0104KT4B047.ahx.wav.xma
0104KT4B048.ahx.wav,0104KT4B048.ahx.wav.xma
0104KT4B049.ahx.wav,0104KT4B049.ahx.wav.xma
0104KT4B050.ahx.wav,0104KT4B050.ahx.wav.xma
0104KT4B051.ahx.wav,0104KT4B051.ahx.wav.xma
0104KT4B052.ahx.wav,0104KT4B052.ahx.wav.xma
0104KT4B053.ahx.wav,0104KT4B053.ahx.wav.xma
0104KT4B054.ahx.wav,0104KT4B054.ahx.wav.xma
0104KT4B055.ahx.wav,0104KT4B055.ahx.wav.xma
0104KT4B056.ahx.wav,0104KT4B056.ahx.wav.xma
0104KT4B057.ahx.wav,0104KT4B057.ahx.wav.xma
0104KT4B058.ahx.wav,0104KT4B058.ahx.wav.xma
0104KT4B059.ahx.wav,0104KT4B059.ahx.wav.xma
0104KT4B060.ahx.wav,0104KT4B060.ahx.wav.xma
0104KT4B061.ahx.wav,0104KT4B061.ahx.wav.xma
0104KT4B062.ahx.wav,0104KT4B062.ahx.wav.xma
0104KT4B063.ahx.wav,0104KT4B063.ahx.wav.xma
0104KT4B064.ahx.wav,0104KT4B064.ahx.wav.xma
0104KT4B065.ahx.wav,0104KT4B065.ahx.wav.xma
0104KT4B066.ahx.wav,0104KT4B066.ahx.wav.xma
0104KT4B067.ahx.wav,0104KT4B067.ahx.wav.xma
0104KT4B068.ahx.wav,0104KT4B068.ahx.wav.xma
0104KT4B069.ahx.wav,0104KT4B069.ahx.wav.xma
0104KT4B070.ahx.wav,0104KT4B070.ahx.wav.xma
0104KT4B071.ahx.wav,0104KT4B071.ahx.wav.xma
0104KT4B072.ahx.wav,0104KT4B072.ahx.wav.xma
0104KT4B073.ahx.wav,0104KT4B073.ahx.wav.xma
0104KT4B074.ahx.wav,0104KT4B074.ahx.wav.xma
0104KT4B075.ahx.wav,0104KT4B075.ahx.wav.xma
0104KT4B076.ahx.wav,0104KT4B076.ahx.wav.xma
0104KT4B077.ahx.wav,0104KT4B077.ahx.wav.xma
0104KT4B078.ahx.wav,0104KT4B078.ahx.wav.xma
0104KT4B079.ahx.wav,0104KT4B079.ahx.wav.xma
0104KT4B080.ahx.wav,0104KT4B080.ahx.wav.xma
0104KT4B081.ahx.wav,0104KT4B081.ahx.wav.xma
0104KT4B082.ahx.wav,0104KT4B082.ahx.wav.xma
0104KT4B083.ahx.wav,0104KT4B083.ahx.wav.xma
0104KT4B084.ahx.wav,0104KT4B084.ahx.wav.xma
0104KT4B085.ahx.wav,0104KT4B085.ahx.wav.xma
0104KT4B086.ahx.wav,0104KT4B086.ahx.wav.xma
0104KT4B087.ahx.wav,0104KT4B087.ahx.wav.xma
0104KT4B088.ahx.wav,0104KT4B088.ahx.wav.xma
0104KT4B089.ahx.wav,0104KT4B089.ahx.wav.xma
0104KT4B090.ahx.wav,0104KT4B090.ahx.wav.xma
0104KT4B091.ahx.wav,0104KT4B091.ahx.wav.xma
0104KT4B092.ahx.wav,0104KT4B092.ahx.wav.xma
0104KT4B093.ahx.wav,0104KT4B093.ahx.wav.xma
0104KT4B094.ahx.wav,0104KT4B094.ahx.wav.xma
0104KT4B095.ahx.wav,0104KT4B095.ahx.wav.xma
0104KT4B096.ahx.wav,0104KT4B096.ahx.wav.xma
0104KT4B097.ahx.wav,0104KT4B097.ahx.wav.xma
0104KT4B098.ahx.wav,0104KT4B098.ahx.wav.xma
0104KT4B099.ahx.wav,0104KT4B099.ahx.wav.xma
0104KT4B100.ahx.wav,0104KT4B100.ahx.wav.xma
0104KT4B101.ahx.wav,0104KT4B101.ahx.wav.xma
0104KT4B102.ahx.wav,0104KT4B102.ahx.wav.xma
0104KT4B103.ahx.wav,0104KT4B103.ahx.wav.xma
0104KT4B104.ahx.wav,0104KT4B104.ahx.wav.xma
0104KT4B105.ahx.wav,0104KT4B105.ahx.wav.xma
0104KT4B106.ahx.wav,0104KT4B106.ahx.wav.xma
0104KT4B107.ahx.wav,0104KT4B107.ahx.wav.xma
0104KT4B108.ahx.wav,0104KT4B108.ahx.wav.xma
0104KT4B109.ahx.wav,0104KT4B109.ahx.wav.xma
0104KT4B110.ahx.wav,0104KT4B110.ahx.wav.xma
0104KT4B111.ahx.wav,0104KT4B111.ahx.wav.xma
0104KT4B112.ahx.wav,0104KT4B112.ahx.wav.xma
0104KT4B113.ahx.wav,0104KT4B113.ahx.wav.xma
0104KT4B114.ahx.wav,0104KT4B114.ahx.wav.xma
0104KT4B115.ahx.wav,0104KT4B115.ahx.wav.xma
0104KT4B116.ahx.wav,0104KT4B116.ahx.wav.xma
0104KT4B117.ahx.wav,0104KT4B117.ahx.wav.xma
0104KT4B118.ahx.wav,0104KT4B118.ahx.wav.xma
0104KT4B119.ahx.wav,0104KT4B119.ahx.wav.xma
0104KT4B120.ahx.wav,0104KT4B120.ahx.wav.xma
