0116A001.ahx.wav,0116A001.ahx.wav.xma
0116A002.ahx.wav,0116A002.ahx.wav.xma
0116A003.ahx.wav,0116A003.ahx.wav.xma
0116A004.ahx.wav,0116A004.ahx.wav.xma
0116A005.ahx.wav,0116A005.ahx.wav.xma
0116A006.ahx.wav,0116A006.ahx.wav.xma
0116A007.ahx.wav,0116A007.ahx.wav.xma
0116A008.ahx.wav,0116A008.ahx.wav.xma
0116A009.ahx.wav,0116A009.ahx.wav.xma
0116A010.ahx.wav,0116A010.ahx.wav.xma
0116A011.ahx.wav,0116A011.ahx.wav.xma
0116A012.ahx.wav,0116A012.ahx.wav.xma
0116A013.ahx.wav,0116A013.ahx.wav.xma
0116A014.ahx.wav,0116A014.ahx.wav.xma
0116A015.ahx.wav,0116A015.ahx.wav.xma
0116A016.ahx.wav,0116A016.ahx.wav.xma
0116A017.ahx.wav,0116A017.ahx.wav.xma
0116A018.ahx.wav,0116A018.ahx.wav.xma
0116A019.ahx.wav,0116A019.ahx.wav.xma
0116A020.ahx.wav,0116A020.ahx.wav.xma
0116A021.ahx.wav,0116A021.ahx.wav.xma
0116A022.ahx.wav,0116A022.ahx.wav.xma
0116A023.ahx.wav,0116A023.ahx.wav.xma
0116A024.ahx.wav,0116A024.ahx.wav.xma
0116A025.ahx.wav,0116A025.ahx.wav.xma
0116A026.ahx.wav,0116A026.ahx.wav.xma
0116A027.ahx.wav,0116A027.ahx.wav.xma
0116A028.ahx.wav,0116A028.ahx.wav.xma
0116A029.ahx.wav,0116A029.ahx.wav.xma
0116A030.ahx.wav,0116A030.ahx.wav.xma
0116A031.ahx.wav,0116A031.ahx.wav.xma
0116A032.ahx.wav,0116A032.ahx.wav.xma
0116A033.ahx.wav,0116A033.ahx.wav.xma
0116A034.ahx.wav,0116A034.ahx.wav.xma
0116A035.ahx.wav,0116A035.ahx.wav.xma
0116A036.ahx.wav,0116A036.ahx.wav.xma
0116A037.ahx.wav,0116A037.ahx.wav.xma
0116A038.ahx.wav,0116A038.ahx.wav.xma
