A0142BA001.wav,A0142BA001.str.wav.xma
A0142BA002.wav,A0142BA002.str.wav.xma
A0142BA003.wav,A0142BA003.str.wav.xma
A0142BA004.wav,A0142BA004.str.wav.xma
A0142BA005.wav,A0142BA005.str.wav.xma
A0142BA006.wav,A0142BA006.str.wav.xma
A0142BA007.wav,A0142BA007.str.wav.xma
A0142BA008.wav,A0142BA008.str.wav.xma
A0142BA009.wav,A0142BA009.str.wav.xma
A0142BA010.wav,A0142BA010.str.wav.xma
A0142BA011.wav,A0142BA011.str.wav.xma
A0142BA012.wav,A0142BA012.str.wav.xma
A0142BA013.wav,A0142BA013.str.wav.xma
A0142BA015.wav,A0142BA015.str.wav.xma
A0142BA016.wav,A0142BA016.str.wav.xma
A0142BB001.wav,A0142BB001.str.wav.xma
A0142BB002.wav,A0142BB002.str.wav.xma
A0142BB003.wav,A0142BB003.str.wav.xma
A0142BB004.wav,A0142BB004.str.wav.xma
A0142BB005.wav,A0142BB005.str.wav.xma
A0142BB006.wav,A0142BB006.str.wav.xma
A0142BB007.wav,A0142BB007.str.wav.xma
A0142BB008.wav,A0142BB008.str.wav.xma
A0142BB009.wav,A0142BB009.str.wav.xma
A0142BB010.wav,A0142BB010.str.wav.xma
A0142BB011.wav,A0142BB011.str.wav.xma
A0142BB012.wav,A0142BB012.str.wav.xma
A0142BB013.wav,A0142BB013.str.wav.xma
A0142BB014.wav,A0142BB014.str.wav.xma
A0142BB015.wav,A0142BB015.str.wav.xma
A0142BB016.wav,A0142BB016.str.wav.xma
A0142BB017.wav,A0142BB017.str.wav.xma
A0142BB018.wav,A0142BB018.str.wav.xma
A0142BB019.wav,A0142BB019.str.wav.xma
A0142BB020.wav,A0142BB020.str.wav.xma
A0142BB021.wav,A0142BB021.str.wav.xma
A0142BB022.wav,A0142BB022.str.wav.xma
A0142BB023.wav,A0142BB023.str.wav.xma
A0142BB024.wav,A0142BB024.str.wav.xma
A0142BA014.wav,A0142BA014.str.wav.xma
A0142BB025.wav,A0142BB025.str.wav.xma
