E1064A009.wav,file_1.wav.xma
E1064A010.wav,file_2.wav.xma
E1064A011.wav,file_3.wav.xma
E1064B007.wav,file_4.wav.xma
E1064B008.wav,file_5.wav.xma
E1064B009.wav,file_6.wav.xma
E1064B010.wav,file_7.wav.xma
E1064B011.wav,file_8.wav.xma
E1064B012.wav,file_9.wav.xma
E1064B013.wav,file_10.wav.xma
E1064B014.wav,file_11.wav.xma
E1064B015.wav,file_12.wav.xma
E1064B016.wav,file_13.wav.xma
E1064B018.wav,file_14.wav.xma
E1064B019.wav,file_15.wav.xma
E1064B020.wav,file_16.wav.xma
E1064B021.wav,file_17.wav.xma
E1064B022.wav,file_18.wav.xma
E1064B023.wav,file_19.wav.xma
E1064B024.wav,file_20.wav.xma
E1064C008.wav,file_21.wav.xma
E1064C010.wav,file_22.wav.xma
E1064C011.wav,file_23.wav.xma
E1064C012.wav,file_24.wav.xma
E1064C013.wav,file_25.wav.xma
E1064C014.wav,file_26.wav.xma
E1064C015.wav,file_27.wav.xma
E1064C016.wav,file_28.wav.xma
E1064C017.wav,file_29.wav.xma
E1064C018.wav,file_30.wav.xma
E1064C019.wav,file_31.wav.xma
E1064C020.wav,file_32.wav.xma
E1064C021.wav,file_33.wav.xma
E1064C022.wav,file_34.wav.xma
