01HISA001.wav,01HISA001.str.wav.xma
01HISA002.wav,01HISA002.str.wav.xma
01HISA003.wav,01HISA003.str.wav.xma
01HISA004.wav,01HISA004.str.wav.xma
01HISA005.wav,01HISA005.str.wav.xma
01HISA006.wav,01HISA006.str.wav.xma
01HISA007.wav,01HISA007.str.wav.xma
01HISA008.wav,01HISA008.str.wav.xma
01HISA009.wav,01HISA009.str.wav.xma
01HISA010.wav,01HISA010.str.wav.xma
01HISB001.wav,01HISB001.str.wav.xma
01HISB002.wav,01HISB002.str.wav.xma
01HISB003.wav,01HISB003.str.wav.xma
01HISB004.wav,01HISB004.str.wav.xma
01HISB005.wav,01HISB005.str.wav.xma
01HISC001.wav,01HISC001.str.wav.xma
01HISC002.wav,01HISC002.str.wav.xma
01HISC003.wav,01HISC003.str.wav.xma
01HISC004.wav,01HISC004.str.wav.xma
01HISC005.wav,01HISC005.str.wav.xma
01HISC006.wav,01HISC006.str.wav.xma
01HISC007.wav,01HISC007.str.wav.xma
01HISC008.wav,01HISC008.str.wav.xma
01HISC009.wav,01HISC009.str.wav.xma
01HISC010.wav,01HISC010.str.wav.xma
01HISC011.wav,01HISC011.str.wav.xma
01HISC012.wav,01HISC012.str.wav.xma
01HISC013.wav,01HISC013.str.wav.xma
01HISC014.wav,01HISC014.str.wav.xma
01HISC015.wav,01HISC015.str.wav.xma
01HISC016.wav,01HISC016.str.wav.xma
01HISC017.wav,01HISC017.str.wav.xma
01HISC018.wav,01HISC018.str.wav.xma
01HISC019.wav,01HISC019.str.wav.xma
