A0154A001.wav,A0154A001.str.wav.xma
A0154A002.wav,A0154A002.str.wav.xma
A0154A003.wav,A0154A003.str.wav.xma
A0154A004.wav,A0154A004.str.wav.xma
A0154A005.wav,A0154A005.str.wav.xma
A0154A006.wav,A0154A006.str.wav.xma
A0154A007.wav,A0154A007.str.wav.xma
A0154A008.wav,A0154A008.str.wav.xma
A0154A009.wav,A0154A009.str.wav.xma
A0154A010.wav,A0154A010.str.wav.xma
A0154A011.wav,A0154A011.str.wav.xma
A0154A012.wav,A0154A012.str.wav.xma
A0154A013.wav,A0154A013.str.wav.xma
A0154A014.wav,A0154A014.str.wav.xma
A0154A015.wav,A0154A015.str.wav.xma
A0154A016.wav,A0154A016.str.wav.xma
A0154A017.wav,A0154A017.str.wav.xma
A0154A018.wav,A0154A018.str.wav.xma
A0154A019.wav,A0154A019.str.wav.xma
A0154A020.wav,A0154A020.str.wav.xma
A0154B001.wav,A0154B001.str.wav.xma
A0154B002.wav,A0154B002.str.wav.xma
A0154B003.wav,A0154B003.str.wav.xma
A0154B004.wav,A0154B004.str.wav.xma
A0154B005.wav,A0154B005.str.wav.xma
A0154C001.wav,A0154C001.str.wav.xma
A0154C002.wav,A0154C002.str.wav.xma
A0154C003.wav,A0154C003.str.wav.xma
A0154C004.wav,A0154C004.str.wav.xma
A0154C005.wav,A0154C005.str.wav.xma
A0154C006.wav,A0154C006.str.wav.xma
A0154C007.wav,A0154C007.str.wav.xma
A0154C008.wav,A0154C008.str.wav.xma
A0154C009.wav,A0154C009.str.wav.xma
A0154C010.wav,A0154C010.str.wav.xma
A0154C011.wav,A0154C011.str.wav.xma
A0154C012.wav,A0154C012.str.wav.xma
A0154C013.wav,A0154C013.str.wav.xma
A0154C014.wav,A0154C014.str.wav.xma
A0154C015.wav,A0154C015.str.wav.xma
A0154C016.wav,A0154C016.str.wav.xma
A0154C017.wav,A0154C017.str.wav.xma
A0154C018.wav,A0154C018.str.wav.xma
A0154C019.wav,A0154C019.str.wav.xma
A0154C020.wav,A0154C020.str.wav.xma
A0154C021.wav,A0154C021.str.wav.xma
