01HOKA001.wav,file_1.wav.xma
01HOKA002.wav,file_2.wav.xma
01HOKA003.wav,file_3.wav.xma
01HOKA004.wav,file_4.wav.xma
01HOKA005.wav,file_5.wav.xma
01HOKA006.wav,file_6.wav.xma
01HOKA007.wav,file_7.wav.xma
01HOKA009.wav,file_8.wav.xma
01HOKA010.wav,file_9.wav.xma
01HOKB001.wav,file_10.wav.xma
01HOKB002.wav,file_11.wav.xma
01HOKB003.wav,file_12.wav.xma
01HOKB004.wav,file_13.wav.xma
01HOKB005.wav,file_14.wav.xma
01HOKB006.wav,file_15.wav.xma
01HOKB007.wav,file_16.wav.xma
01HOKB008.wav,file_17.wav.xma
01HOKB009.wav,file_18.wav.xma
01HOKB010.wav,file_19.wav.xma
01HOKB011.wav,file_20.wav.xma
01HOKB012.wav,file_21.wav.xma
01HOKB013.wav,file_22.wav.xma
01HOKB014.wav,file_23.wav.xma
01HOKB015.wav,file_24.wav.xma
01HOKB016.wav,file_25.wav.xma
01HOKB017.wav,file_26.wav.xma
01HOKB018.wav,file_27.wav.xma
01HOKB019.wav,file_28.wav.xma
