E1070A001.wav,file_1.wav.xma
E1070A002.wav,file_2.wav.xma
E1070A003.wav,file_3.wav.xma
E1070A004.wav,file_4.wav.xma
E1070A006.wav,file_5.wav.xma
E1070A007.wav,file_6.wav.xma
E1070A008.wav,file_7.wav.xma
E1070A009.wav,file_8.wav.xma
E1070A010.wav,file_9.wav.xma
E1070A011.wav,file_10.wav.xma
E1070A012.wav,file_11.wav.xma
E1070A013.wav,file_12.wav.xma
E1070B001.wav,file_13.wav.xma
E1070B002.wav,file_14.wav.xma
E1070B003.wav,file_15.wav.xma
E1070B005.wav,file_16.wav.xma
E1070B006.wav,file_17.wav.xma
E1070B007.wav,file_18.wav.xma
E1070B008.wav,file_19.wav.xma
E1070B009.wav,file_20.wav.xma
E1070B010.wav,file_21.wav.xma
E1070B011.wav,file_22.wav.xma
E1070B014.wav,file_23.wav.xma
E1070B015.wav,file_24.wav.xma
E1070B016.wav,file_25.wav.xma
E1070B017.wav,file_26.wav.xma
E1070B018.wav,file_27.wav.xma
E1070B019.wav,file_28.wav.xma
E1070B020.wav,file_29.wav.xma
E1070B021.wav,file_30.wav.xma
E1070B022.wav,file_31.wav.xma
E1070C001.wav,file_32.wav.xma
E1070C002.wav,file_33.wav.xma
E1070C003.wav,file_34.wav.xma
E1070C005.wav,file_35.wav.xma
E1070C006.wav,file_36.wav.xma
E1070C007.wav,file_37.wav.xma
E1070C008.wav,file_38.wav.xma
E1070C009.wav,file_39.wav.xma
E1070C010.wav,file_40.wav.xma
