01ETUA001.wav,01ETUA001.str.wav.xma
01ETUA002.wav,01ETUA002.str.wav.xma
01ETUA003.wav,01ETUA003.str.wav.xma
01ETUA004.wav,01ETUA004.str.wav.xma
01ETUA005.wav,01ETUA005.str.wav.xma
01ETUA006.wav,01ETUA006.str.wav.xma
01ETUA007.wav,01ETUA007.str.wav.xma
01ETUA008.wav,01ETUA008.str.wav.xma
01ETUA009.wav,01ETUA009.str.wav.xma
01ETUA010.wav,01ETUA010.str.wav.xma
01ETUA011.wav,01ETUA011.str.wav.xma
01ETUA012.wav,01ETUA012.str.wav.xma
01ETUA013.wav,01ETUA013.str.wav.xma
01ETUA014.wav,01ETUA014.str.wav.xma
01ETUA015.wav,01ETUA015.str.wav.xma
01ETUA016.wav,01ETUA016.str.wav.xma
01ETUA017.wav,01ETUA017.str.wav.xma
01ETUA018.wav,01ETUA018.str.wav.xma
01ETUA019.wav,01ETUA019.str.wav.xma
01ETUA020.wav,01ETUA020.str.wav.xma
01ETUB001.wav,01ETUB001.str.wav.xma
01ETUB002.wav,01ETUB002.str.wav.xma
01ETUB003.wav,01ETUB003.str.wav.xma
01ETUB004.wav,01ETUB004.str.wav.xma
01ETUB005.wav,01ETUB005.str.wav.xma
01ETUB006.wav,01ETUB006.str.wav.xma
01ETUB007.wav,01ETUB007.str.wav.xma
01ETUB008.wav,01ETUB008.str.wav.xma
01ETUB009.wav,01ETUB009.str.wav.xma
01ETUB010.wav,01ETUB010.str.wav.xma
01ETUB011.wav,01ETUB011.str.wav.xma
01ETUB012.wav,01ETUB012.str.wav.xma
01ETUB013.wav,01ETUB013.str.wav.xma
01ETUB014.wav,01ETUB014.str.wav.xma
01ETUB015.wav,01ETUB015.str.wav.xma
01ETUB016.wav,01ETUB016.str.wav.xma
01ETUB017.wav,01ETUB017.str.wav.xma
01ETUB018.wav,01ETUB018.str.wav.xma
01ETUB019.wav,01ETUB019.str.wav.xma
01ETUB020.wav,01ETUB020.str.wav.xma
