A0136A001.wav,file_1.wav.xma
A0136A002.wav,file_2.wav.xma
A0136A003.wav,file_3.wav.xma
A0136A004.wav,file_4.wav.xma
A0136A005.wav,file_5.wav.xma
A0136A006.wav,file_6.wav.xma
A0136A007.wav,file_7.wav.xma
A0136B001.wav,file_8.wav.xma
A0136B002.wav,file_9.wav.xma
A0136B003.wav,file_10.wav.xma
A0136B004.wav,file_11.wav.xma
A0136B005.wav,file_12.wav.xma
A0136B006.wav,file_13.wav.xma
A0136B007.wav,file_14.wav.xma
A0136B008.wav,file_15.wav.xma
A0136B009.wav,file_16.wav.xma
A0136B010.wav,file_17.wav.xma
A0136B011.wav,file_18.wav.xma
