SA1076A001.wav,file_1.wav.xma
SA1076A002.wav,file_2.wav.xma
SA1076A003.wav,file_3.wav.xma
SA1076A004.wav,file_4.wav.xma
SA1076A005.wav,file_5.wav.xma
SA1076A006.wav,file_6.wav.xma
SA1076A013.wav,file_7.wav.xma
SA1076A014.wav,file_8.wav.xma
SA1076A015.wav,file_9.wav.xma
SA1076A016.wav,file_10.wav.xma
SA1076A017.wav,file_11.wav.xma
SA1086A001.wav,file_13.wav.xma
SA1086A002.wav,file_14.wav.xma
SA1086A003.wav,file_15.wav.xma
SA1086A004.wav,file_16.wav.xma
SA1086A005.wav,file_17.wav.xma
SA1089A001.wav,file_19.wav.xma
SA1089A002.wav,file_20.wav.xma
SA1089A003.wav,file_21.wav.xma
SA1095A001.wav,file_23.wav.xma
SA1095A002.wav,file_24.wav.xma
SA1095A003.wav,file_25.wav.xma
SA1101A001.wav,file_27.wav.xma
SA1101A002.wav,file_28.wav.xma
SA1101A003.wav,file_29.wav.xma
SA1101A004.wav,file_30.wav.xma
SA1101A005.wav,file_31.wav.xma
SA1101A006.wav,file_32.wav.xma
SA1101A007.wav,file_33.wav.xma
SA1101A008.wav,file_34.wav.xma
SA1101A009.wav,file_35.wav.xma
SA1101A010.wav,file_36.wav.xma
SA1101A011.wav,file_37.wav.xma
SA1101A012.wav,file_38.wav.xma
SA1101A013.wav,file_39.wav.xma
SA1101A014.wav,file_40.wav.xma
SA1101A015.wav,file_41.wav.xma
SA1101A016.wav,file_42.wav.xma
SA1101A017.wav,file_43.wav.xma
SA1101A018.wav,file_44.wav.xma
SA1101A019.wav,file_45.wav.xma
SA1101A020.wav,file_46.wav.xma
SA1101A021.wav,file_47.wav.xma
SA1101A022.wav,file_48.wav.xma
SA1119A001.wav,file_50.wav.xma
SA1119A002.wav,file_51.wav.xma
SA1119A003.wav,file_52.wav.xma
SA1120A001.wav,file_54.wav.xma
SA1120A002.wav,file_55.wav.xma
SA1120A003.wav,file_56.wav.xma
SA1121A001.wav,file_58.wav.xma
SA1121A002.wav,file_59.wav.xma
SA1121A003.wav,file_60.wav.xma
SA1122A001.wav,file_62.wav.xma
SA1122A002.wav,file_63.wav.xma
SA1122A003.wav,file_64.wav.xma
SA1122A004.wav,file_65.wav.xma
SA1122A005.wav,file_66.wav.xma
SA1122A006.wav,file_67.wav.xma
