E1001AA001.wav,file_1.wav.xma
E1001AA002.wav,file_2.wav.xma
E1001AA003.wav,file_3.wav.xma
E1001AA004.wav,file_4.wav.xma
E1001AA005.wav,file_5.wav.xma
E1001AA006.wav,file_6.wav.xma
E1001AA007.wav,file_7.wav.xma
E1001AA008.wav,file_8.wav.xma
E1001AA009.wav,file_9.wav.xma
E1001AA010.wav,file_10.wav.xma
E1001AA011.wav,file_11.wav.xma
E1001AA012.wav,file_12.wav.xma
E1001AB001.wav,file_13.wav.xma
E1001AB008.wav,file_14.wav.xma
E1001AB009.wav,file_15.wav.xma
E1001AB011.wav,file_16.wav.xma
E1001AB013.wav,file_17.wav.xma
E1001AB014.wav,file_18.wav.xma
E1001AB017.wav,file_19.wav.xma
E1001AB024.wav,file_20.wav.xma
E1001AB025.wav,file_21.wav.xma
E1001AB026.wav,file_22.wav.xma
E1001AB027.wav,file_23.wav.xma
E1001AB028.wav,file_24.wav.xma
E1001AB029.wav,file_25.wav.xma
E1001AB030.wav,file_26.wav.xma
E1001AB031.wav,file_27.wav.xma
E1001AB032.wav,file_28.wav.xma
E1001AB033.wav,file_29.wav.xma
E1001AB034.wav,file_30.wav.xma
E1001AB035.wav,file_31.wav.xma
E1001AB036.wav,file_32.wav.xma
E1001AB037.wav,file_33.wav.xma
E1001AB038.wav,file_34.wav.xma
