E1021A001.wav,file_1.wav.xma
E1021A002.wav,file_2.wav.xma
E1021A003.wav,file_3.wav.xma
E1021A004.wav,file_4.wav.xma
E1021A005.wav,file_5.wav.xma
E1021A006.wav,file_6.wav.xma
E1021A007.wav,file_7.wav.xma
E1021A008.wav,file_8.wav.xma
E1021A009.wav,file_9.wav.xma
E1021A010.wav,file_10.wav.xma
E1021A011.wav,file_11.wav.xma
E1021A012.wav,file_12.wav.xma
E1021A013.wav,file_13.wav.xma
E1021A014.wav,file_14.wav.xma
E1021A015.wav,file_15.wav.xma
E1021A016.wav,file_16.wav.xma
E1021A017.wav,file_17.wav.xma
E1021A018.wav,file_18.wav.xma
E1021B001.wav,file_19.wav.xma
E1021B002.wav,file_20.wav.xma
E1021B003.wav,file_21.wav.xma
E1021B004.wav,file_22.wav.xma
E1021B005.wav,file_23.wav.xma
E1021B006.wav,file_24.wav.xma
E1021B007.wav,file_25.wav.xma
E1021B008.wav,file_26.wav.xma
E1021B009.wav,file_27.wav.xma
E1021B010.wav,file_28.wav.xma
E1021B011.wav,file_29.wav.xma
E1021B012.wav,file_30.wav.xma
E1021B013.wav,file_31.wav.xma
E1021B014.wav,file_32.wav.xma
E1021B015.wav,file_33.wav.xma
E1021B016.wav,file_34.wav.xma
E1021B017.wav,file_35.wav.xma
E1021B018.wav,file_36.wav.xma
E1021B020.wav,file_37.wav.xma
E1021B021.wav,file_38.wav.xma
E1021B022.wav,file_39.wav.xma
E1021B023.wav,file_40.wav.xma
E1021B024.wav,file_41.wav.xma
E1021B025.wav,file_42.wav.xma
E1021B026.wav,file_43.wav.xma
E1021B027.wav,file_44.wav.xma
E1021B028.wav,file_45.wav.xma
E1021B029.wav,file_46.wav.xma
E1021B030.wav,file_47.wav.xma
E1021B031.wav,file_48.wav.xma
E1021B032.wav,file_49.wav.xma
E1021B033.wav,file_50.wav.xma
E1021B034.wav,file_51.wav.xma
E1021B035.wav,file_52.wav.xma
E1021B036.wav,file_53.wav.xma
E1021B037.wav,file_54.wav.xma
E1021B038.wav,file_55.wav.xma
E1021B039.wav,file_56.wav.xma
E1021B040.wav,file_57.wav.xma
E1021B041.wav,file_58.wav.xma
E1021B042.wav,file_59.wav.xma
E1021B043.wav,file_60.wav.xma
E1021B044.wav,file_61.wav.xma
E1021B045.wav,file_62.wav.xma
E1021B046.wav,file_63.wav.xma
E1021B048.wav,file_64.wav.xma
E1021B049.wav,file_65.wav.xma
E1021B050.wav,file_66.wav.xma
E1021B051.wav,file_67.wav.xma
E1021B052.wav,file_68.wav.xma
E1021B053.wav,file_69.wav.xma
E1021B054.wav,file_70.wav.xma
E1021B055.wav,file_71.wav.xma
E1021B056.wav,file_72.wav.xma
E1021B058.wav,file_73.wav.xma
E1021B059.wav,file_74.wav.xma
E1021B060.wav,file_75.wav.xma
E1021B061.wav,file_76.wav.xma
E1021B062.wav,file_77.wav.xma
E1021B063.wav,file_78.wav.xma
E1021B064.wav,file_79.wav.xma
E1021B065.wav,file_80.wav.xma
E1021B066.wav,file_81.wav.xma
E1021B067.wav,file_82.wav.xma
E1021B068.wav,file_83.wav.xma
E1021B069.wav,file_84.wav.xma
E1021B070.wav,file_85.wav.xma
E1021B071.wav,file_86.wav.xma
E1021B072.wav,file_87.wav.xma
E1021B073.wav,file_88.wav.xma
E1021B074.wav,file_89.wav.xma
E1021B075.wav,file_90.wav.xma
E1021B076.wav,file_91.wav.xma
E1021B077.wav,file_92.wav.xma
E1021B078.wav,file_93.wav.xma
E1021B079.wav,file_94.wav.xma
E1021B080.wav,file_95.wav.xma
E1021B081.wav,file_96.wav.xma
E1021B082.wav,file_97.wav.xma
E1021B083.wav,file_98.wav.xma
E1021B084.wav,file_99.wav.xma
E1021B085.wav,file_100.wav.xma
E1021B086.wav,file_101.wav.xma
E1021B087.wav,file_102.wav.xma
E1021B088.wav,file_103.wav.xma
E1021B089.wav,file_104.wav.xma
E1021B090.wav,file_105.wav.xma
E1021B091.wav,file_106.wav.xma
E1021B092.wav,file_107.wav.xma
E1021B093.wav,file_108.wav.xma
E1021B094.wav,file_109.wav.xma
E1021B095.wav,file_110.wav.xma
E1021B096.wav,file_111.wav.xma
E1021B097.wav,file_112.wav.xma
E1021B098.wav,file_113.wav.xma
E1021B099.wav,file_114.wav.xma
E1021B100.wav,file_115.wav.xma
E1021B101.wav,file_116.wav.xma
E1021B102.wav,file_117.wav.xma
E1021B103.wav,file_118.wav.xma
E1021B104.wav,file_119.wav.xma
E1021B105.wav,file_120.wav.xma
E1021B106.wav,file_121.wav.xma
E1021B107.wav,file_122.wav.xma
E1021B108.wav,file_123.wav.xma
E1021B109.wav,file_124.wav.xma
E1021B110.wav,file_125.wav.xma
E1021B111.wav,file_126.wav.xma
E1021B112.wav,file_127.wav.xma
E1021B113.wav,file_128.wav.xma
E1021B119.wav,file_129.wav.xma
E1021B120.wav,file_130.wav.xma
E1021B121.wav,file_131.wav.xma
E1021B123.wav,file_132.wav.xma
E1021B124.wav,file_133.wav.xma
E1021B125.wav,file_134.wav.xma
