E1009AA001.wav,file_1.wav.xma
E1009AA002.wav,file_2.wav.xma
E1009AA003.wav,file_3.wav.xma
E1009AA004.wav,file_4.wav.xma
E1009AA005.wav,file_5.wav.xma
E1009AA006.wav,file_6.wav.xma
E1009AA007.wav,file_7.wav.xma
E1009AA008.wav,file_8.wav.xma
E1009AA009.wav,file_9.wav.xma
E1009AA010.wav,file_10.wav.xma
E1009AA011.wav,file_11.wav.xma
E1009AA012.wav,file_12.wav.xma
E1009AA013.wav,file_13.wav.xma
E1009AA014.wav,file_14.wav.xma
E1009AA015.wav,file_15.wav.xma
E1009AA016.wav,file_16.wav.xma
E1009AA017.wav,file_17.wav.xma
E1009AA018.wav,file_18.wav.xma
E1009AA019.wav,file_19.wav.xma
E1009AA020.wav,file_20.wav.xma
E1009AA021.wav,file_21.wav.xma
E1009AA022.wav,file_22.wav.xma
E1009AA023.wav,file_23.wav.xma
E1009AA024.wav,file_24.wav.xma
E1009AA025.wav,file_25.wav.xma
E1009AA026.wav,file_26.wav.xma
E1009AA027.wav,file_27.wav.xma
E1009AB001.wav,file_28.wav.xma
E1009AB002.wav,file_29.wav.xma
E1009AB003.wav,file_30.wav.xma
E1009AB004.wav,file_31.wav.xma
E1009AB005.wav,file_32.wav.xma
E1009AB006.wav,file_33.wav.xma
E1009AB007.wav,file_34.wav.xma
E1009AB008.wav,file_35.wav.xma
E1009AB009.wav,file_36.wav.xma
E1009AB010.wav,file_37.wav.xma
E1009AB011.wav,file_38.wav.xma
E1009AB012.wav,file_39.wav.xma
E1009AB013.wav,file_40.wav.xma
E1009AB014.wav,file_41.wav.xma
E1009AB015.wav,file_42.wav.xma
E1009AC001.wav,file_43.wav.xma
E1009AC002.wav,file_44.wav.xma
E1009AC003.wav,file_45.wav.xma
E1009AC004.wav,file_46.wav.xma
E1009AC005.wav,file_47.wav.xma
E1009AC006.wav,file_48.wav.xma
E1009AC007.wav,file_49.wav.xma
E1009AC008.wav,file_50.wav.xma
E1009AC009.wav,file_51.wav.xma
E1009AC010.wav,file_52.wav.xma
E1009AC011.wav,file_53.wav.xma
E1009AC012.wav,file_54.wav.xma
E1009AC013.wav,file_55.wav.xma
E1009AD001.wav,file_56.wav.xma
E1009AD002.wav,file_57.wav.xma
E1009AD003.wav,file_58.wav.xma
E1009AD004.wav,file_59.wav.xma
E1009AD005.wav,file_60.wav.xma
E1009AE001.wav,file_61.wav.xma
E1009AE002.wav,file_62.wav.xma
E1009AE003.wav,file_63.wav.xma
E1009AE004.wav,file_64.wav.xma
