E1046A001.wav,file_1.wav.xma
E1046A002.wav,file_2.wav.xma
E1046A003.wav,file_3.wav.xma
E1046A004.wav,file_4.wav.xma
E1046A005.wav,file_5.wav.xma
E1046A006.wav,file_6.wav.xma
E1046A007.wav,file_7.wav.xma
E1046B001.wav,file_8.wav.xma
E1046B002.wav,file_9.wav.xma
E1046B003.wav,file_10.wav.xma
E1046B004.wav,file_11.wav.xma
E1046B005.wav,file_12.wav.xma
E1046B006.wav,file_13.wav.xma
E1046B007.wav,file_14.wav.xma
E1046B008.wav,file_15.wav.xma
E1046B009.wav,file_16.wav.xma
E1046B010.wav,file_17.wav.xma
E1046B011.wav,file_18.wav.xma
E1046C001.wav,file_19.wav.xma
E1046C002.wav,file_20.wav.xma
E1046D001.wav,file_21.wav.xma
E1046D002.wav,file_22.wav.xma
E1046D003.wav,file_23.wav.xma
E1046D004.wav,file_24.wav.xma
E1046D005.wav,file_25.wav.xma
E1046D006.wav,file_26.wav.xma
E1046D007.wav,file_27.wav.xma
E1046D008.wav,file_28.wav.xma
E1046D009.wav,file_29.wav.xma
E1046D010.wav,file_30.wav.xma
E1046D011.wav,file_31.wav.xma
E1046D012.wav,file_32.wav.xma
E1046D013.wav,file_33.wav.xma
E1046D014.wav,file_34.wav.xma
E1046D015.wav,file_35.wav.xma
E1046D016.wav,file_36.wav.xma
E1046D017.wav,file_37.wav.xma
E1046D018.wav,file_38.wav.xma
