E1041A010.wav,E1041A010.str.wav.xma
E1041A014.wav,E1041A014.str.wav.xma
E1041A017.wav,E1041A017.str.wav.xma
E1041A019.wav,E1041A019.str.wav.xma
E1041A021.wav,E1041A021.str.wav.xma
E1041A023.wav,E1041A023.str.wav.xma
E1041A026.wav,E1041A026.str.wav.xma
E1041A027.wav,E1041A027.str.wav.xma
E1041A029.wav,E1041A029.str.wav.xma
E1041A030.wav,E1041A030.str.wav.xma
E1041A031.wav,E1041A031.str.wav.xma
E1041A037.wav,E1041A037.str.wav.xma
E1041A040.wav,E1041A040.str.wav.xma
E1041A046.wav,E1041A046.str.wav.xma
E1041A049.wav,E1041A049.str.wav.xma
E1041A054.wav,E1041A054.str.wav.xma
E1041A055.wav,E1041A055.str.wav.xma
E1041A057.wav,E1041A057.str.wav.xma
E1041A058.wav,E1041A058.str.wav.xma
E1041A059.wav,E1041A059.str.wav.xma
E1041A060.wav,E1041A060.str.wav.xma
E1041A061.wav,E1041A061.str.wav.xma
E1041A062.wav,E1041A062.str.wav.xma
E1041A066.wav,E1041A066.str.wav.xma
E1041A067.wav,E1041A067.str.wav.xma
E1041A068.wav,E1041A068.str.wav.xma
E1041A069.wav,E1041A069.str.wav.xma
E1041A070.wav,E1041A070.str.wav.xma
E1041A071.wav,E1041A071.str.wav.xma
E1041A072.wav,E1041A072.str.wav.xma
E1041A074.wav,E1041A074.str.wav.xma
E1041A075.wav,E1041A075.str.wav.xma
E1041A076.wav,E1041A076.str.wav.xma
E1041A080.wav,E1041A080.str.wav.xma
E1041A081.wav,E1041A081.str.wav.xma
E1041A082.wav,E1041A082.str.wav.xma
E1041A083.wav,E1041A083.str.wav.xma
E1041A084.wav,E1041A084.str.wav.xma
E1041A085.wav,E1041A085.str.wav.xma
E1041A086.wav,E1041A086.str.wav.xma
E1041A087.wav,E1041A087.str.wav.xma
E1041A088.wav,E1041A088.str.wav.xma
E1041A089.wav,E1041A089.str.wav.xma
E1041A090.wav,E1041A090.str.wav.xma
E1041A092.wav,E1041A092.str.wav.xma
E1041A093.wav,E1041A093.str.wav.xma
E1041A094.wav,E1041A094.str.wav.xma
E1041A095.wav,E1041A095.str.wav.xma
E1041A096.wav,E1041A096.str.wav.xma
E1041A097.wav,E1041A097.str.wav.xma
E1041A098.wav,E1041A098.str.wav.xma
E1041A099.wav,E1041A099.str.wav.xma
E1041A107.wav,E1041A107.str.wav.xma
E1041A110.wav,E1041A110.str.wav.xma
E1041A111.wav,E1041A111.str.wav.xma
E1041A112.wav,E1041A112.str.wav.xma
E1041A113.wav,E1041A113.str.wav.xma
E1041A114.wav,E1041A114.str.wav.xma
E1041A115.wav,E1041A115.str.wav.xma
E1041A116.wav,E1041A116.str.wav.xma
E1041A117.wav,E1041A117.str.wav.xma
E1041A118.wav,E1041A118.str.wav.xma
E1041A119.wav,E1041A119.str.wav.xma
E1041A120.wav,E1041A120.str.wav.xma
E1041A121.wav,E1041A121.str.wav.xma
E1041A122.wav,E1041A122.str.wav.xma
E1041A123.wav,E1041A123.str.wav.xma
E1041A124.wav,E1041A124.str.wav.xma
E1041A125.wav,E1041A125.str.wav.xma
E1041A126.wav,E1041A126.str.wav.xma
E1041A127.wav,E1041A127.str.wav.xma
E1041A129.wav,E1041A129.str.wav.xma
E1041A130.wav,E1041A130.str.wav.xma
E1041A131.wav,E1041A131.str.wav.xma
E1041A132.wav,E1041A132.str.wav.xma
E1041A133.wav,E1041A133.str.wav.xma
E1041A134.wav,E1041A134.str.wav.xma
E1041A135.wav,E1041A135.str.wav.xma
E1041A136.wav,E1041A136.str.wav.xma
E1041A137.wav,E1041A137.str.wav.xma
E1041A138.wav,E1041A138.str.wav.xma
E1041A139.wav,E1041A139.str.wav.xma
E1041A140.wav,E1041A140.str.wav.xma
E1041A141.wav,E1041A141.str.wav.xma
E1041A142.wav,E1041A142.str.wav.xma
E1041A143.wav,E1041A143.str.wav.xma
E1041A144.wav,E1041A144.str.wav.xma
E1041A145.wav,E1041A145.str.wav.xma
E1041A146.wav,E1041A146.str.wav.xma
E1041A147.wav,E1041A147.str.wav.xma
E1041A148.wav,E1041A148.str.wav.xma
E1041A149.wav,E1041A149.str.wav.xma
E1041A150.wav,E1041A150.str.wav.xma
E1041A151.wav,E1041A151.str.wav.xma
E1041A152.wav,E1041A152.str.wav.xma
E1041A153.wav,E1041A153.str.wav.xma
E1041A154.wav,E1041A154.str.wav.xma
E1041A155.wav,E1041A155.str.wav.xma
E1041A156.wav,E1041A156.str.wav.xma
E1041A158.wav,E1041A158.str.wav.xma
E1041A159.wav,E1041A159.str.wav.xma
E1041A160.wav,E1041A160.str.wav.xma
E1041A161.wav,E1041A161.str.wav.xma
E1041A162.wav,E1041A162.str.wav.xma
E1041A163.wav,E1041A163.str.wav.xma
E1041A164.wav,E1041A164.str.wav.xma
E1041A165.wav,E1041A165.str.wav.xma
E1041A166.wav,E1041A166.str.wav.xma
E1041A167.wav,E1041A167.str.wav.xma
E1041A168.wav,E1041A168.str.wav.xma
E1041A169.wav,E1041A169.str.wav.xma
E1041A170.wav,E1041A170.str.wav.xma
E1041A171.wav,E1041A171.str.wav.xma
E1041A172.wav,E1041A172.str.wav.xma
E1041B001.wav,E1041B001.str.wav.xma
E1041B003.wav,E1041B003.str.wav.xma
E1041B007.wav,E1041B007.str.wav.xma
E1041B009.wav,E1041B009.str.wav.xma
E1041B011.wav,E1041B011.str.wav.xma
E1041B012.wav,E1041B012.str.wav.xma
E1041B014.wav,E1041B014.str.wav.xma
E1041B016.wav,E1041B016.str.wav.xma
E1041B018.wav,E1041B018.str.wav.xma
E1041B019.wav,E1041B019.str.wav.xma
E1041B020.wav,E1041B020.str.wav.xma
E1041B021.wav,E1041B021.str.wav.xma
E1041B022.wav,E1041B022.str.wav.xma
E1041B023.wav,E1041B023.str.wav.xma
E1041B024.wav,E1041B024.str.wav.xma
E1041B026.wav,E1041B026.str.wav.xma
E1041B027.wav,E1041B027.str.wav.xma
E1041B028.wav,E1041B028.str.wav.xma
E1041B030.wav,E1041B030.str.wav.xma
E1041B031.wav,E1041B031.str.wav.xma
E1041B032.wav,E1041B032.str.wav.xma
E1041B033.wav,E1041B033.str.wav.xma
E1041B034.wav,E1041B034.str.wav.xma
E1041B035.wav,E1041B035.str.wav.xma
E1041B036.wav,E1041B036.str.wav.xma
E1041B037.wav,E1041B037.str.wav.xma
E1041B038.wav,E1041B038.str.wav.xma
E1041B039.wav,E1041B039.str.wav.xma
E1041B040.wav,E1041B040.str.wav.xma
E1041B041.wav,E1041B041.str.wav.xma
E1041B042.wav,E1041B042.str.wav.xma
E1041B043.wav,E1041B043.str.wav.xma
E1041B045.wav,E1041B045.str.wav.xma
E1041B046.wav,E1041B046.str.wav.xma
E1041B047.wav,E1041B047.str.wav.xma
E1041B048.wav,E1041B048.str.wav.xma
E1041B049.wav,E1041B049.str.wav.xma
E1041B050.wav,E1041B050.str.wav.xma
E1041B051.wav,E1041B051.str.wav.xma
E1041B052.wav,E1041B052.str.wav.xma
E1041B053.wav,E1041B053.str.wav.xma
E1041B054.wav,E1041B054.str.wav.xma
E1041B055.wav,E1041B055.str.wav.xma
E1041B056.wav,E1041B056.str.wav.xma
E1041B057.wav,E1041B057.str.wav.xma
E1041B058.wav,E1041B058.str.wav.xma
E1041B059.wav,E1041B059.str.wav.xma
E1041B060.wav,E1041B060.str.wav.xma
E1041B061.wav,E1041B061.str.wav.xma
E1041C001.wav,E1041C001.str.wav.xma
E1041C002.wav,E1041C002.str.wav.xma
E1041C003.wav,E1041C003.str.wav.xma
E1041C004.wav,E1041C004.str.wav.xma
E1041C005.wav,E1041C005.str.wav.xma
E1041C006.wav,E1041C006.str.wav.xma
E1041C007.wav,E1041C007.str.wav.xma
E1041C009.wav,E1041C009.str.wav.xma
E1041C011.wav,E1041C011.str.wav.xma
E1041C012.wav,E1041C012.str.wav.xma
E1041C013.wav,E1041C013.str.wav.xma
E1041C014.wav,E1041C014.str.wav.xma
E1041C015.wav,E1041C015.str.wav.xma
E1041C016.wav,E1041C016.str.wav.xma
E1041C017.wav,E1041C017.str.wav.xma
E1041C018.wav,E1041C018.str.wav.xma
E1041D001.wav,E1041D001.str.wav.xma
E1041D002.wav,E1041D002.str.wav.xma
E1041D003.wav,E1041D003.str.wav.xma
E1041D004.wav,E1041D004.str.wav.xma
E1041D005.wav,E1041D005.str.wav.xma
E1041D006.wav,E1041D006.str.wav.xma
E1041D007.wav,E1041D007.str.wav.xma
E1041D008.wav,E1041D008.str.wav.xma
E1041D009.wav,E1041D009.str.wav.xma
E1041E002.wav,E1041E002.str.wav.xma
E1041E004.wav,E1041E004.str.wav.xma
E1041E008.wav,E1041E008.str.wav.xma
E1041E009.wav,E1041E009.str.wav.xma
E1041E010.wav,E1041E010.str.wav.xma
E1041E011.wav,E1041E011.str.wav.xma
E1041E012.wav,E1041E012.str.wav.xma
E1041E013.wav,E1041E013.str.wav.xma
E1041E014.wav,E1041E014.str.wav.xma
E1041E015.wav,E1041E015.str.wav.xma
E1041F001.wav,E1041F001.str.wav.xma
E1041F002.wav,E1041F002.str.wav.xma
E1041F004.wav,E1041F004.str.wav.xma
E1041F005.wav,E1041F005.str.wav.xma
E1041F006.wav,E1041F006.str.wav.xma
E1041F008.wav,E1041F008.str.wav.xma
E1041F009.wav,E1041F009.str.wav.xma
E1041D010.wav,E1041D010.str.wav.xma
