A01124A001.wav,file_1.wav.xma
A01124A002.wav,file_2.wav.xma
A01124A003.wav,file_3.wav.xma
A01124A005.wav,file_4.wav.xma
A01124A006.wav,file_5.wav.xma
A01124A007.wav,file_6.wav.xma
A01124A008.wav,file_7.wav.xma
A01124A009.wav,file_8.wav.xma
A01124B001.wav,file_9.wav.xma
A01124B002.wav,file_10.wav.xma
A01124B003.wav,file_11.wav.xma
A01124B004.wav,file_12.wav.xma
A01124B005.wav,file_13.wav.xma
A01124B006.wav,file_14.wav.xma
A01124B007.wav,file_15.wav.xma
A01124B008.wav,file_16.wav.xma
A01124B009.wav,file_17.wav.xma
A01124B010.wav,file_18.wav.xma
A01124B012.wav,file_19.wav.xma
A01124B014.wav,file_20.wav.xma
A01124B015.wav,file_21.wav.xma
A01124B016.wav,file_22.wav.xma
